"","tipo","localizacao","ICG","INSE","TDI_EM","MHA_EM","REP_EM"
"1","EREM","Urbana","N4","[3.54,4.26)","[13.3,25.6)","[9.5,10.5]","[0,2.7)"
"2","EREM","Urbana","N3","[4.26,4.55)","[0,13.3)","[5.4,9.5)","[5,33.2]"
"3","EREM","Urbana","N2","[3.54,4.26)","[0,13.3)","[9.5,10.5]","[5,33.2]"
"4","EREM","Urbana","N2","[4.26,4.55)","[0,13.3)","[9.5,10.5]","[2.7,5)"
"5","EREM","Urbana","N4","[3.54,4.26)","[13.3,25.6)","[9.5,10.5]","[0,2.7)"
"6","EREM","Urbana","N2","[4.26,4.55)","[0,13.3)","[9.5,10.5]","[0,2.7)"
"7","EREM","Urbana","N2","[4.26,4.55)","[0,13.3)","[9.5,10.5]","[0,2.7)"
"8","EREM","Urbana","N4","[3.54,4.26)","[13.3,25.6)","[5.4,9.5)","[0,2.7)"
"9","EREM","Urbana","N4","[3.54,4.26)","[13.3,25.6)","[5.4,9.5)","[5,33.2]"
"10","EREM","Urbana","N3","[4.26,4.55)","[0,13.3)","[5.4,9.5)","[0,2.7)"
"11","EREM","Urbana","N3","[4.55,6.35]","[0,13.3)","[5.4,9.5)","[0,2.7)"
"12","EREM","Urbana","N2","[3.54,4.26)","[13.3,25.6)","[9.5,10.5]","[0,2.7)"
"13","EREM","Urbana","N4","[3.54,4.26)","[13.3,25.6)","[5.4,9.5)","[2.7,5)"
"14","EREM","Urbana","N2","[4.26,4.55)","[13.3,25.6)","[9.5,10.5]","[0,2.7)"
"15","EREM","Urbana","N4","[3.54,4.26)","[13.3,25.6)","[5.4,9.5)","[0,2.7)"
"16","EREM","Urbana","N5","[3.54,4.26)","[13.3,25.6)","[9.5,10.5]","[2.7,5)"
"17","EREM","Urbana","N2","[4.55,6.35]","[0,13.3)","[9.5,10.5]","[2.7,5)"
"18","EREM","Urbana","N4","[3.54,4.26)","[13.3,25.6)","[5.4,9.5)","[5,33.2]"
"19","EREM","Urbana","N2","[4.26,4.55)","[0,13.3)","[9.5,10.5]","[0,2.7)"
"20","EREM","Urbana","N4","[3.54,4.26)","[13.3,25.6)","[9.5,10.5]","[0,2.7)"
"21","EREM","Urbana","N4","[3.54,4.26)","[13.3,25.6)","[9.5,10.5]","[2.7,5)"
"22","EREM","Urbana","N4","[3.54,4.26)","[13.3,25.6)","[5.4,9.5)","[0,2.7)"
"23","EREM","Urbana","N4","[3.54,4.26)","[25.6,65.3]","[5.4,9.5)","[0,2.7)"
"24","EREM","Urbana","N2","[4.55,6.35]","[0,13.3)","[9.5,10.5]","[0,2.7)"
"25","EREM","Urbana","N5","[4.55,6.35]","[13.3,25.6)","[5.4,9.5)","[0,2.7)"
"26","EREM","Urbana","N5","[3.54,4.26)","[25.6,65.3]","[5.4,9.5)","[5,33.2]"
"27","EREM","Urbana","N5","[4.26,4.55)","[13.3,25.6)","[9.5,10.5]","[2.7,5)"
"28","EREM","Urbana","N2","[4.55,6.35]","[0,13.3)","[9.5,10.5]","[2.7,5)"
"29","EREM","Urbana","N2","[4.55,6.35]","[13.3,25.6)","[9.5,10.5]","[0,2.7)"
"30","EREM","Urbana","N4","[4.26,4.55)","[25.6,65.3]","[9.5,10.5]","[0,2.7)"
"31","EREM","Urbana","N3","[3.54,4.26)","[25.6,65.3]","[5.4,9.5)","[5,33.2]"
"32","EREM","Urbana","N2","[3.54,4.26)","[0,13.3)","[9.5,10.5]","[2.7,5)"
"33","EREM","Urbana","N3","[3.54,4.26)","[0,13.3)","[5.4,9.5)","[0,2.7)"
"34","EREM","Urbana","N3","[3.54,4.26)","[25.6,65.3]","[5.4,9.5)","[2.7,5)"
"35","EREM","Urbana","N3","[3.54,4.26)","[25.6,65.3]","[5.4,9.5)","[0,2.7)"
"36","EREM","Urbana","N2","[4.26,4.55)","[13.3,25.6)","[9.5,10.5]","[2.7,5)"
"37","EREM","Urbana","N4","[4.55,6.35]","[0,13.3)","[9.5,10.5]","[0,2.7)"
"38","EREM","Urbana","N4","[3.54,4.26)","[0,13.3)","[9.5,10.5]","[2.7,5)"
"39","EREM","Urbana","N2","[4.55,6.35]","[0,13.3)","[9.5,10.5]","[2.7,5)"
"40","EREM","Urbana","N2","[4.55,6.35]","[13.3,25.6)","[9.5,10.5]","[2.7,5)"
"41","EREM","Urbana","N2","[4.55,6.35]","[0,13.3)","[9.5,10.5]","[2.7,5)"
"42","EREM","Urbana","N2","[4.55,6.35]","[13.3,25.6)","[9.5,10.5]","[2.7,5)"
"43","EREM","Urbana","N2","[4.55,6.35]","[0,13.3)","[9.5,10.5]","[0,2.7)"
"44","EREM","Urbana","N4","[4.55,6.35]","[0,13.3)","[9.5,10.5]","[2.7,5)"
"45","EREM","Urbana","N2","[4.55,6.35]","[13.3,25.6)","[9.5,10.5]","[2.7,5)"
"46","EREM","Urbana","N4","[4.26,4.55)","[13.3,25.6)","[9.5,10.5]","[0,2.7)"
"47","EREM","Urbana","N3","[3.54,4.26)","[0,13.3)","[5.4,9.5)","[2.7,5)"
"48","EREM","Urbana","N2","[4.26,4.55)","[13.3,25.6)","[9.5,10.5]","[5,33.2]"
"49","EREM","Urbana","N4","[4.26,4.55)","[13.3,25.6)","[9.5,10.5]","[0,2.7)"
"50","EREM","Urbana","N2","[4.26,4.55)","[13.3,25.6)","[9.5,10.5]","[2.7,5)"
"51","EREM","Urbana","N2","[4.55,6.35]","[0,13.3)","[9.5,10.5]","[0,2.7)"
"52","EREM","Urbana","N2","[3.54,4.26)","[0,13.3)","[9.5,10.5]","[2.7,5)"
"53","EREM","Urbana","N2","[3.54,4.26)","[13.3,25.6)","[9.5,10.5]","[2.7,5)"
"54","EREM","Urbana","N4","[3.54,4.26)","[13.3,25.6)","[9.5,10.5]","[2.7,5)"
"55","EREM","Urbana","N2","[3.54,4.26)","[25.6,65.3]","[9.5,10.5]","[2.7,5)"
"56","EREM","Urbana","N4","[3.54,4.26)","[25.6,65.3]","[5.4,9.5)","[0,2.7)"
"57","EREM","Urbana","N4","[3.54,4.26)","[13.3,25.6)","[5.4,9.5)","[5,33.2]"
"58","EREM","Urbana","N4","[3.54,4.26)","[25.6,65.3]","[5.4,9.5)","[5,33.2]"
"59","EREM","Urbana","N4","[3.54,4.26)","[25.6,65.3]","[9.5,10.5]","[0,2.7)"
"60","EREM","Urbana","N6","[4.26,4.55)","[25.6,65.3]","[3.8,5.4)","[5,33.2]"
"61","EREM","Urbana","N2","[4.55,6.35]","[13.3,25.6)","[9.5,10.5]","[5,33.2]"
"62","EREM","Urbana","N4","[3.54,4.26)","[13.3,25.6)","[5.4,9.5)","[2.7,5)"
"63","EREM","Urbana","N4","[3.54,4.26)","[13.3,25.6)","[9.5,10.5]","[5,33.2]"
"64","EREM","Urbana","N4","[3.54,4.26)","[25.6,65.3]","[5.4,9.5)","[0,2.7)"
"65","EREM","Urbana","N4","[4.55,6.35]","[13.3,25.6)","[9.5,10.5]","[2.7,5)"
"66","EREM","Urbana","N4","[4.55,6.35]","[13.3,25.6)","[9.5,10.5]","[2.7,5)"
"67","EREM","Urbana","N4","[4.55,6.35]","[0,13.3)","[9.5,10.5]","[2.7,5)"
"68","EREM","Urbana","N4","[4.55,6.35]","[0,13.3)","[9.5,10.5]","[5,33.2]"
"69","EREM","Urbana","N4","[4.55,6.35]","[13.3,25.6)","[9.5,10.5]","[5,33.2]"
"70","EREM","Urbana","N4","[4.55,6.35]","[13.3,25.6)","[9.5,10.5]","[0,2.7)"
"71","EREM","Urbana","N5","[4.26,4.55)","[25.6,65.3]","[5.4,9.5)","[5,33.2]"
"72","EREM","Urbana","N4","[4.55,6.35]","[13.3,25.6)","[9.5,10.5]","[5,33.2]"
"73","EREM","Urbana","N2","[4.26,4.55)","[13.3,25.6)","[9.5,10.5]","[2.7,5)"
"74","EREM","Urbana","N4","[4.26,4.55)","[13.3,25.6)","[9.5,10.5]","[5,33.2]"
"75","EREM","Urbana","N2","[3.54,4.26)","[13.3,25.6)","[9.5,10.5]","[2.7,5)"
"76","EREM","Urbana","N4","[3.54,4.26)","[13.3,25.6)","[9.5,10.5]","[0,2.7)"
"77","EREM","Urbana","N2","[4.26,4.55)","[0,13.3)","[9.5,10.5]","[0,2.7)"
"78","EREM","Urbana","N2","[4.26,4.55)","[0,13.3)","[9.5,10.5]","[0,2.7)"
"79","EREM","Urbana","N4","[3.54,4.26)","[25.6,65.3]","[5.4,9.5)","[2.7,5)"
"80","EREM","Urbana","N5","[3.54,4.26)","[13.3,25.6)","[5.4,9.5)","[2.7,5)"
"81","EREM","Urbana","N2","[3.54,4.26)","[0,13.3)","[9.5,10.5]","[0,2.7)"
"82","EREM","Urbana","N2","[3.54,4.26)","[25.6,65.3]","[9.5,10.5]","[0,2.7)"
"83","EREM","Urbana","N4","[4.26,4.55)","[0,13.3)","[9.5,10.5]","[0,2.7)"
"84","EREM","Urbana","N4","[3.54,4.26)","[13.3,25.6)","[9.5,10.5]","[5,33.2]"
"85","EREM","Urbana","N2","[3.54,4.26)","[13.3,25.6)","[9.5,10.5]","[0,2.7)"
"86","EREM","Urbana","N4","[4.26,4.55)","[13.3,25.6)","[9.5,10.5]","[2.7,5)"
"87","EREM","Urbana","N2","[3.54,4.26)","[13.3,25.6)","[9.5,10.5]","[2.7,5)"
"88","EREM","Urbana","N2","[4.55,6.35]","[13.3,25.6)","[9.5,10.5]","[5,33.2]"
"89","EREM","Urbana","N2","[3.54,4.26)","[13.3,25.6)","[9.5,10.5]","[2.7,5)"
"90","EREM","Urbana","N5","[3.54,4.26)","[13.3,25.6)","[5.4,9.5)","[0,2.7)"
"91","EREM","Urbana","N4","[3.54,4.26)","[0,13.3)","[9.5,10.5]","[0,2.7)"
"92","EREM","Urbana","N4","[3.54,4.26)","[13.3,25.6)","[9.5,10.5]","[5,33.2]"
"93","EREM","Urbana","N4","[4.55,6.35]","[0,13.3)","[5.4,9.5)","[2.7,5)"
"94","EREM","Urbana","N4","[3.54,4.26)","[13.3,25.6)","[9.5,10.5]","[5,33.2]"
"95","EREM","Rural","N2","[3.54,4.26)","[13.3,25.6)","[9.5,10.5]","[2.7,5)"
"96","EREM","Urbana","N4","[3.54,4.26)","[25.6,65.3]","[9.5,10.5]","[0,2.7)"
"97","EREM","Urbana","N3","[3.54,4.26)","[0,13.3)","[5.4,9.5)","[0,2.7)"
"98","EREM","Urbana","N2","[3.54,4.26)","[13.3,25.6)","[9.5,10.5]","[0,2.7)"
"99","EREM","Urbana","N5","[3.54,4.26)","[13.3,25.6)","[5.4,9.5)","[0,2.7)"
"100","EREM","Urbana","N2","[3.54,4.26)","[13.3,25.6)","[5.4,9.5)","[2.7,5)"
"101","EREM","Urbana","N4","[3.54,4.26)","[13.3,25.6)","[9.5,10.5]","[0,2.7)"
"102","EREM","Urbana","N2","[4.26,4.55)","[13.3,25.6)","[9.5,10.5]","[2.7,5)"
"103","EREM","Urbana","N4","[3.54,4.26)","[13.3,25.6)","[9.5,10.5]","[2.7,5)"
"104","EREM","Urbana","N2","[4.26,4.55)","[0,13.3)","[9.5,10.5]","[0,2.7)"
"105","EREM","Urbana","N5","[3.54,4.26)","[13.3,25.6)","[5.4,9.5)","[0,2.7)"
"106","EREM","Urbana","N4","[3.54,4.26)","[0,13.3)","[9.5,10.5]","[0,2.7)"
"107","EREM","Urbana","N2","[3.54,4.26)","[13.3,25.6)","[9.5,10.5]","[2.7,5)"
"108","EREM","Urbana","N4","[4.26,4.55)","[25.6,65.3]","[9.5,10.5]","[5,33.2]"
"109","EREM","Urbana","N2","[3.54,4.26)","[13.3,25.6)","[9.5,10.5]","[0,2.7)"
"110","EREM","Urbana","N4","[3.54,4.26)","[25.6,65.3]","[9.5,10.5]","[2.7,5)"
"111","EREM","Urbana","N5","[3.54,4.26)","[25.6,65.3]","[5.4,9.5)","[0,2.7)"
"112","EREM","Urbana","N4","[3.54,4.26)","[13.3,25.6)","[5.4,9.5)","[2.7,5)"
"113","EREM","Urbana","N2","[3.54,4.26)","[25.6,65.3]","[9.5,10.5]","[5,33.2]"
"114","EREM","Urbana","N2","[3.54,4.26)","[13.3,25.6)","[9.5,10.5]","[0,2.7)"
"115","EREM","Urbana","N4","[4.26,4.55)","[25.6,65.3]","[9.5,10.5]","[2.7,5)"
"116","EREM","Urbana","N4","[4.55,6.35]","[13.3,25.6)","[5.4,9.5)","[5,33.2]"
"117","EREM","Urbana","N2","[4.55,6.35]","[13.3,25.6)","[9.5,10.5]","[5,33.2]"
"118","EREM","Urbana","N4","[3.54,4.26)","[25.6,65.3]","[5.4,9.5)","[2.7,5)"
"119","EREM","Urbana","N4","[3.54,4.26)","[25.6,65.3]","[9.5,10.5]","[2.7,5)"
"120","EREM","Urbana","N4","[3.54,4.26)","[25.6,65.3]","[9.5,10.5]","[5,33.2]"
"121","EREM","Urbana","N2","[4.26,4.55)","[0,13.3)","[5.4,9.5)","[2.7,5)"
"122","EREM","Urbana","N4","[3.54,4.26)","[13.3,25.6)","[9.5,10.5]","[2.7,5)"
"123","EREM","Urbana","N4","[3.54,4.26)","[25.6,65.3]","[5.4,9.5)","[5,33.2]"
"124","EREM","Urbana","N4","[3.54,4.26)","[25.6,65.3]","[5.4,9.5)","[2.7,5)"
"125","EREM","Urbana","N4","[3.54,4.26)","[25.6,65.3]","[5.4,9.5)","[2.7,5)"
"126","EREM","Urbana","N4","[3.54,4.26)","[25.6,65.3]","[9.5,10.5]","[0,2.7)"
"127","EREM","Urbana","N4","[3.54,4.26)","[25.6,65.3]","[9.5,10.5]","[0,2.7)"
"128","EREM","Urbana","N2","[3.54,4.26)","[13.3,25.6)","[9.5,10.5]","[0,2.7)"
"129","EREM","Urbana","N4","[3.54,4.26)","[25.6,65.3]","[5.4,9.5)","[5,33.2]"
"130","EREM","Urbana","N4","[3.54,4.26)","[0,13.3)","[9.5,10.5]","[2.7,5)"
"131","EREM","Urbana","N4","[3.54,4.26)","[25.6,65.3]","[9.5,10.5]","[2.7,5)"
"132","EREM","Urbana","N4","[4.26,4.55)","[13.3,25.6)","[9.5,10.5]","[2.7,5)"
"133","EREM","Urbana","N4","[3.54,4.26)","[13.3,25.6)","[9.5,10.5]","[5,33.2]"
"134","EREM","Urbana","N4","[3.54,4.26)","[13.3,25.6)","[9.5,10.5]","[0,2.7)"
"135","EREM","Urbana","N4","[3.54,4.26)","[13.3,25.6)","[5.4,9.5)","[0,2.7)"
"136","EREM","Urbana","N2","[4.26,4.55)","[13.3,25.6)","[9.5,10.5]","[0,2.7)"
"137","EREM","Urbana","N4","[3.54,4.26)","[13.3,25.6)","[5.4,9.5)","[0,2.7)"
"138","EREM","Urbana","N4","[3.54,4.26)","[25.6,65.3]","[9.5,10.5]","[5,33.2]"
"139","EREM","Urbana","N4","[4.26,4.55)","[13.3,25.6)","[9.5,10.5]","[0,2.7)"
"140","EREM","Urbana","N4","[4.26,4.55)","[13.3,25.6)","[9.5,10.5]","[0,2.7)"
"141","EREM","Urbana","N2","[4.26,4.55)","[0,13.3)","[9.5,10.5]","[2.7,5)"
"142","EREM","Urbana","N2","[3.54,4.26)","[13.3,25.6)","[9.5,10.5]","[2.7,5)"
"143","EREM","Urbana","N4","[3.54,4.26)","[25.6,65.3]","[9.5,10.5]","[2.7,5)"
"144","EREM","Urbana","N2","[4.26,4.55)","[13.3,25.6)","[9.5,10.5]","[2.7,5)"
"145","EREM","Urbana","N5","[3.54,4.26)","[25.6,65.3]","[5.4,9.5)","[2.7,5)"
"146","EREM","Urbana","N2","[3.54,4.26)","[25.6,65.3]","[9.5,10.5]","[0,2.7)"
"147","EREM","Urbana","N2","[4.55,6.35]","[0,13.3)","[9.5,10.5]","[2.7,5)"
"148","EREM","Urbana","N4","[3.54,4.26)","[13.3,25.6)","[9.5,10.5]","[2.7,5)"
"149","EREM","Urbana","N3","[3.54,4.26)","[25.6,65.3]","[5.4,9.5)","[0,2.7)"
"150","EREM","Urbana","N4","[3.54,4.26)","[13.3,25.6)","[5.4,9.5)","[2.7,5)"
"151","EREM","Urbana","N2","[4.55,6.35]","[0,13.3)","[9.5,10.5]","[5,33.2]"
"152","EREM","Urbana","N2","[3.54,4.26)","[13.3,25.6)","[9.5,10.5]","[0,2.7)"
"153","EREM","Urbana","N2","[3.54,4.26)","[13.3,25.6)","[9.5,10.5]","[0,2.7)"
"154","EREM","Urbana","N4","[3.54,4.26)","[25.6,65.3]","[9.5,10.5]","[2.7,5)"
"155","EREM","Urbana","N3","[3.54,4.26)","[13.3,25.6)","[5.4,9.5)","[2.7,5)"
"156","EREM","Urbana","N2","[3.54,4.26)","[25.6,65.3]","[9.5,10.5]","[5,33.2]"
"157","EREM","Urbana","N2","[3.54,4.26)","[13.3,25.6)","[9.5,10.5]","[5,33.2]"
"158","EREM","Urbana","N5","[3.54,4.26)","[25.6,65.3]","[5.4,9.5)","[2.7,5)"
"159","EREM","Urbana","N2","[4.26,4.55)","[0,13.3)","[9.5,10.5]","[2.7,5)"
"160","EREM","Urbana","N4","[3.54,4.26)","[25.6,65.3]","[5.4,9.5)","[2.7,5)"
"161","EREM","Urbana","N4","[3.54,4.26)","[25.6,65.3]","[5.4,9.5)","[5,33.2]"
"162","EREM","Urbana","N2","[3.54,4.26)","[0,13.3)","[9.5,10.5]","[0,2.7)"
"163","EREM","Urbana","N4","[3.54,4.26)","[13.3,25.6)","[9.5,10.5]","[0,2.7)"
"164","EREM","Urbana","N4","[3.54,4.26)","[25.6,65.3]","[5.4,9.5)","[0,2.7)"
"165","EREM","Urbana","N5","[4.26,4.55)","[25.6,65.3]","[5.4,9.5)","[2.7,5)"
"166","EREM","Urbana","N5","[3.54,4.26)","[25.6,65.3]","[9.5,10.5]","[5,33.2]"
"167","EREM","Urbana","N4","[3.54,4.26)","[25.6,65.3]","[5.4,9.5)","[0,2.7)"
"168","EREM","Urbana","N2","[4.26,4.55)","[13.3,25.6)","[9.5,10.5]","[5,33.2]"
"169","EREM","Rural","N2","[4.55,6.35]","[0,13.3)","[9.5,10.5]","[5,33.2]"
"170","EREM","Urbana","N4","[3.54,4.26)","[13.3,25.6)","[5.4,9.5)","[2.7,5)"
"171","EREM","Urbana","N4","[4.26,4.55)","[13.3,25.6)","[9.5,10.5]","[2.7,5)"
"172","EREM","Urbana","N4","[3.54,4.26)","[25.6,65.3]","[5.4,9.5)","[2.7,5)"
"173","EREM","Urbana","N5","[3.54,4.26)","[25.6,65.3]","[5.4,9.5)","[0,2.7)"
"174","EREM","Urbana","N3","[4.26,4.55)","[13.3,25.6)","[5.4,9.5)","[0,2.7)"
"175","EREM","Urbana","N4","[3.54,4.26)","[25.6,65.3]","[9.5,10.5]","[5,33.2]"
"176","EREM","Urbana","N5","[3.54,4.26)","[25.6,65.3]","[5.4,9.5)","[2.7,5)"
"177","EREM","Urbana","N2","[4.55,6.35]","[13.3,25.6)","[9.5,10.5]","[5,33.2]"
"178","EREM","Urbana","N4","[3.54,4.26)","[25.6,65.3]","[5.4,9.5)","[2.7,5)"
"179","EREM","Urbana","N2","[4.26,4.55)","[13.3,25.6)","[9.5,10.5]","[5,33.2]"
"180","EREM","Urbana","N2","[4.26,4.55)","[13.3,25.6)","[9.5,10.5]","[2.7,5)"
"181","EREM","Urbana","N4","[4.26,4.55)","[13.3,25.6)","[9.5,10.5]","[2.7,5)"
"182","EREM","Urbana","N2","[4.55,6.35]","[0,13.3)","[9.5,10.5]","[0,2.7)"
"183","EREM","Urbana","N2","[4.26,4.55)","[13.3,25.6)","[9.5,10.5]","[2.7,5)"
"184","EREM","Urbana","N5","[4.26,4.55)","[13.3,25.6)","[5.4,9.5)","[2.7,5)"
"185","EREM","Urbana","N3","[4.26,4.55)","[13.3,25.6)","[5.4,9.5)","[2.7,5)"
"186","EREM","Urbana","N4","[4.26,4.55)","[13.3,25.6)","[9.5,10.5]","[2.7,5)"
"187","EREM","Urbana","N5","[4.26,4.55)","[25.6,65.3]","[3.8,5.4)","[5,33.2]"
"188","EREM","Urbana","N4","[3.54,4.26)","[13.3,25.6)","[5.4,9.5)","[0,2.7)"
"189","EREM","Urbana","N4","[4.26,4.55)","[13.3,25.6)","[9.5,10.5]","[2.7,5)"
"190","EREM","Urbana","N2","[4.55,6.35]","[0,13.3)","[9.5,10.5]","[2.7,5)"
"191","EREM","Urbana","N4","[4.55,6.35]","[13.3,25.6)","[9.5,10.5]","[2.7,5)"
"192","EREM","Urbana","N5","[4.26,4.55)","[13.3,25.6)","[5.4,9.5)","[2.7,5)"
"193","EREM","Urbana","N4","[4.55,6.35]","[13.3,25.6)","[9.5,10.5]","[2.7,5)"
"194","EREM","Urbana","N2","[4.26,4.55)","[0,13.3)","[9.5,10.5]","[5,33.2]"
"195","EREM","Rural","N2","[4.55,6.35]","[0,13.3)","[9.5,10.5]","[0,2.7)"
"196","EREM","Urbana","N4","[4.55,6.35]","[13.3,25.6)","[5.4,9.5)","[2.7,5)"
"197","EREM","Urbana","N2","[4.26,4.55)","[13.3,25.6)","[9.5,10.5]","[2.7,5)"
"198","EREM","Urbana","N3","[4.55,6.35]","[0,13.3)","[5.4,9.5)","[2.7,5)"
"199","EREM","Urbana","N2","[4.26,4.55)","[13.3,25.6)","[9.5,10.5]","[2.7,5)"
"200","EREM","Urbana","N2","[4.55,6.35]","[13.3,25.6)","[9.5,10.5]","[0,2.7)"
"201","EREM","Urbana","N6","[4.55,6.35]","[13.3,25.6)","[5.4,9.5)","[2.7,5)"
"202","EREM","Urbana","N4","[4.26,4.55)","[0,13.3)","[5.4,9.5)","[5,33.2]"
"203","EREM","Urbana","N2","[4.55,6.35]","[0,13.3)","[9.5,10.5]","[0,2.7)"
"204","EREM","Urbana","N4","[4.26,4.55)","[13.3,25.6)","[9.5,10.5]","[5,33.2]"
"205","EREM","Urbana","N2","[4.55,6.35]","[0,13.3)","[5.4,9.5)","[0,2.7)"
"206","EREM","Urbana","N4","[3.54,4.26)","[13.3,25.6)","[9.5,10.5]","[5,33.2]"
"207","EREM","Urbana","N2","[4.26,4.55)","[0,13.3)","[9.5,10.5]","[0,2.7)"
"208","EREM","Urbana","N4","[4.26,4.55)","[25.6,65.3]","[5.4,9.5)","[2.7,5)"
"209","EREM","Urbana","N3","[4.55,6.35]","[13.3,25.6)","[5.4,9.5)","[2.7,5)"
"210","EREM","Urbana","N2","[4.26,4.55)","[13.3,25.6)","[9.5,10.5]","[5,33.2]"
"211","EREM","Urbana","N4","[4.26,4.55)","[13.3,25.6)","[9.5,10.5]","[5,33.2]"
"212","EREM","Urbana","N5","[3.54,4.26)","[0,13.3)","[5.4,9.5)","[0,2.7)"
"213","EREM","Urbana","N2","[4.26,4.55)","[0,13.3)","[9.5,10.5]","[2.7,5)"
"214","EREM","Urbana","N3","[4.55,6.35]","[13.3,25.6)","[5.4,9.5)","[0,2.7)"
"215","EREM","Urbana","N2","[4.26,4.55)","[13.3,25.6)","[9.5,10.5]","[2.7,5)"
"216","EREM","Urbana","N4","[4.26,4.55)","[25.6,65.3]","[5.4,9.5)","[5,33.2]"
"217","EREM","Urbana","N3","[4.26,4.55)","[13.3,25.6)","[5.4,9.5)","[2.7,5)"
"218","EREM","Urbana","N4","[4.55,6.35]","[25.6,65.3]","[5.4,9.5)","[0,2.7)"
"219","EREM","Urbana","N5","[4.55,6.35]","[13.3,25.6)","[5.4,9.5)","[5,33.2]"
"220","EREM","Urbana","N4","[4.26,4.55)","[13.3,25.6)","[5.4,9.5)","[5,33.2]"
"221","EREM","Urbana","N2","[4.26,4.55)","[13.3,25.6)","[9.5,10.5]","[2.7,5)"
"222","EREM","Urbana","N2","[4.55,6.35]","[0,13.3)","[9.5,10.5]","[5,33.2]"
"223","EREM","Urbana","N3","[4.55,6.35]","[0,13.3)","[5.4,9.5)","[0,2.7)"
"224","EREM","Urbana","N4","[4.26,4.55)","[25.6,65.3]","[5.4,9.5)","[0,2.7)"
"225","EREM","Urbana","N4","[4.55,6.35]","[13.3,25.6)","[9.5,10.5]","[0,2.7)"
"226","EREM","Urbana","N4","[4.26,4.55)","[13.3,25.6)","[9.5,10.5]","[0,2.7)"
"227","EREM","Urbana","N5","[4.55,6.35]","[0,13.3)","[9.5,10.5]","[0,2.7)"
"228","EREM","Urbana","N4","[4.55,6.35]","[13.3,25.6)","[9.5,10.5]","[0,2.7)"
"229","EREM","Urbana","N5","[4.55,6.35]","[0,13.3)","[5.4,9.5)","[5,33.2]"
"230","EREM","Urbana","N3","[4.55,6.35]","[25.6,65.3]","[3.8,5.4)","[2.7,5)"
"231","EREM","Urbana","N2","[4.55,6.35]","[0,13.3)","[9.5,10.5]","[5,33.2]"
"232","EREM","Urbana","N2","[4.55,6.35]","[0,13.3)","[9.5,10.5]","[5,33.2]"
"233","EREM","Urbana","N4","[4.26,4.55)","[25.6,65.3]","[9.5,10.5]","[5,33.2]"
"234","EREM","Urbana","N2","[4.55,6.35]","[13.3,25.6)","[9.5,10.5]","[5,33.2]"
"235","EREM","Urbana","N5","[4.26,4.55)","[13.3,25.6)","[3.8,5.4)","[0,2.7)"
"236","EREM","Urbana","N2","[4.55,6.35]","[0,13.3)","[9.5,10.5]","[0,2.7)"
"237","EREM","Urbana","N2","[4.26,4.55)","[25.6,65.3]","[9.5,10.5]","[2.7,5)"
"238","EREM","Urbana","N2","[4.55,6.35]","[13.3,25.6)","[9.5,10.5]","[2.7,5)"
"239","EREM","Urbana","N4","[4.55,6.35]","[13.3,25.6)","[5.4,9.5)","[0,2.7)"
"240","EREM","Urbana","N4","[4.26,4.55)","[13.3,25.6)","[9.5,10.5]","[2.7,5)"
"241","EREM","Urbana","N2","[4.55,6.35]","[0,13.3)","[9.5,10.5]","[2.7,5)"
"242","EREM","Urbana","N4","[4.26,4.55)","[13.3,25.6)","[9.5,10.5]","[5,33.2]"
"243","EREM","Urbana","N4","[4.26,4.55)","[13.3,25.6)","[9.5,10.5]","[2.7,5)"
"244","EREM","Urbana","N3","[4.26,4.55)","[13.3,25.6)","[5.4,9.5)","[5,33.2]"
"245","EREM","Urbana","N4","[4.26,4.55)","[13.3,25.6)","[9.5,10.5]","[5,33.2]"
"246","EREM","Urbana","N2","[4.55,6.35]","[13.3,25.6)","[9.5,10.5]","[2.7,5)"
"247","EREM","Urbana","N4","[4.55,6.35]","[13.3,25.6)","[5.4,9.5)","[0,2.7)"
"248","EREM","Urbana","N4","[4.55,6.35]","[0,13.3)","[9.5,10.5]","[0,2.7)"
"249","EREM","Urbana","N2","[4.55,6.35]","[13.3,25.6)","[9.5,10.5]","[0,2.7)"
"250","EREM","Urbana","N4","[4.55,6.35]","[13.3,25.6)","[9.5,10.5]","[0,2.7)"
"251","EREM","Urbana","N4","[4.55,6.35]","[0,13.3)","[9.5,10.5]","[2.7,5)"
"252","EREM","Urbana","N4","[4.26,4.55)","[25.6,65.3]","[9.5,10.5]","[5,33.2]"
"253","EREM","Urbana","N4","[4.26,4.55)","[25.6,65.3]","[3.8,5.4)","[5,33.2]"
"254","EREM","Urbana","N4","[4.55,6.35]","[0,13.3)","[9.5,10.5]","[2.7,5)"
"255","EREM","Urbana","N3","[4.26,4.55)","[13.3,25.6)","[5.4,9.5)","[5,33.2]"
"256","EREM","Urbana","N2","[4.55,6.35]","[13.3,25.6)","[9.5,10.5]","[2.7,5)"
"257","EREM","Urbana","N4","[4.26,4.55)","[25.6,65.3]","[9.5,10.5]","[2.7,5)"
"258","EREM","Urbana","N4","[4.26,4.55)","[0,13.3)","[9.5,10.5]","[2.7,5)"
"259","EREM","Urbana","N4","[4.55,6.35]","[13.3,25.6)","[5.4,9.5)","[5,33.2]"
"260","EREM","Urbana","N2","[4.26,4.55)","[25.6,65.3]","[9.5,10.5]","[2.7,5)"
"261","EREM","Urbana","N3","[4.55,6.35]","[13.3,25.6)","[5.4,9.5)","[5,33.2]"
"262","EREM","Urbana","N2","[4.55,6.35]","[13.3,25.6)","[9.5,10.5]","[5,33.2]"
"263","EREM","Urbana","N3","[4.26,4.55)","[13.3,25.6)","[5.4,9.5)","[5,33.2]"
"264","EREM","Urbana","N3","[4.26,4.55)","[13.3,25.6)","[5.4,9.5)","[5,33.2]"
"265","EREM","Urbana","N2","[4.55,6.35]","[0,13.3)","[5.4,9.5)","[0,2.7)"
"266","EREM","Urbana","N3","[4.55,6.35]","[13.3,25.6)","[5.4,9.5)","[2.7,5)"
"267","EREM","Urbana","N2","[4.55,6.35]","[13.3,25.6)","[9.5,10.5]","[0,2.7)"
"268","EREM","Urbana","N5","[4.26,4.55)","[13.3,25.6)","[5.4,9.5)","[2.7,5)"
"269","EREM","Urbana","N4","[4.26,4.55)","[13.3,25.6)","[9.5,10.5]","[0,2.7)"
"270","EREM","Urbana","N4","[4.55,6.35]","[13.3,25.6)","[9.5,10.5]","[2.7,5)"
"271","EREM","Urbana","N4","[4.55,6.35]","[13.3,25.6)","[9.5,10.5]","[5,33.2]"
"272","EREM","Urbana","N4","[4.26,4.55)","[13.3,25.6)","[9.5,10.5]","[5,33.2]"
"273","EREM","Urbana","N2","[4.55,6.35]","[0,13.3)","[9.5,10.5]","[5,33.2]"
"274","EREM","Urbana","N2","[4.26,4.55)","[13.3,25.6)","[9.5,10.5]","[0,2.7)"
"275","EREM","Urbana","N3","[4.55,6.35]","[13.3,25.6)","[5.4,9.5)","[2.7,5)"
"276","EREM","Urbana","N3","[4.55,6.35]","[13.3,25.6)","[5.4,9.5)","[5,33.2]"
"277","EREM","Urbana","N4","[4.55,6.35]","[13.3,25.6)","[9.5,10.5]","[5,33.2]"
"278","EREM","Urbana","N4","[4.26,4.55)","[13.3,25.6)","[9.5,10.5]","[5,33.2]"
"279","EREM","Urbana","N2","[4.26,4.55)","[25.6,65.3]","[9.5,10.5]","[2.7,5)"
"280","EREM","Urbana","N5","[4.26,4.55)","[13.3,25.6)","[5.4,9.5)","[2.7,5)"
"281","EREM","Urbana","N5","[4.26,4.55)","[13.3,25.6)","[5.4,9.5)","[0,2.7)"
"282","EREM","Urbana","N2","[4.55,6.35]","[13.3,25.6)","[9.5,10.5]","[0,2.7)"
"283","EREM","Urbana","N2","[4.26,4.55)","[13.3,25.6)","[9.5,10.5]","[2.7,5)"
"284","EREM","Rural","N4","[4.26,4.55)","[13.3,25.6)","[9.5,10.5]","[0,2.7)"
"285","EREM","Urbana","N2","[4.55,6.35]","[0,13.3)","[9.5,10.5]","[5,33.2]"
"286","EREM","Urbana","N4","[3.54,4.26)","[0,13.3)","[9.5,10.5]","[0,2.7)"
"287","EREM","Urbana","N4","[3.54,4.26)","[25.6,65.3]","[5.4,9.5)","[2.7,5)"
"288","EREM","Urbana","N2","[3.54,4.26)","[0,13.3)","[9.5,10.5]","[0,2.7)"
"289","EREM","Urbana","N2","[4.55,6.35]","[0,13.3)","[9.5,10.5]","[5,33.2]"
"290","EREM","Urbana","N5","[4.55,6.35]","[13.3,25.6)","[5.4,9.5)","[5,33.2]"
"291","EREM","Urbana","N2","[4.26,4.55)","[13.3,25.6)","[9.5,10.5]","[0,2.7)"
"292","EREM","Urbana","N2","[4.55,6.35]","[0,13.3)","[9.5,10.5]","[5,33.2]"
"293","EREM","Urbana","N4","[4.55,6.35]","[0,13.3)","[5.4,9.5)","[0,2.7)"
"294","EREM","Urbana","N4","[3.54,4.26)","[13.3,25.6)","[9.5,10.5]","[0,2.7)"
"295","EREM","Urbana","N4","[3.54,4.26)","[13.3,25.6)","[9.5,10.5]","[0,2.7)"
"296","EREM","Rural","N4","[3.54,4.26)","[13.3,25.6)","[9.5,10.5]","[0,2.7)"
"297","EREM","Urbana","N5","[3.54,4.26)","[13.3,25.6)","[5.4,9.5)","[5,33.2]"
"298","EREM","Urbana","N2","[4.55,6.35]","[0,13.3)","[9.5,10.5]","[0,2.7)"
"299","EREM","Urbana","N4","[3.54,4.26)","[13.3,25.6)","[5.4,9.5)","[0,2.7)"
"300","EREM","Urbana","N2","[4.55,6.35]","[13.3,25.6)","[9.5,10.5]","[5,33.2]"
"301","EREM","Urbana","N2","[4.55,6.35]","[0,13.3)","[9.5,10.5]","[2.7,5)"
"302","EREM","Urbana","N2","[4.55,6.35]","[0,13.3)","[9.5,10.5]","[0,2.7)"
"303","EREM","Urbana","N3","[4.55,6.35]","[0,13.3)","[5.4,9.5)","[2.7,5)"
"304","EREM","Urbana","N2","[4.55,6.35]","[0,13.3)","[9.5,10.5]","[2.7,5)"
"305","EREM","Urbana","N2","[4.55,6.35]","[0,13.3)","[9.5,10.5]","[5,33.2]"
"306","EREM","Urbana","N2","[4.55,6.35]","[0,13.3)","[9.5,10.5]","[2.7,5)"
"307","EREM","Urbana","N2","[4.55,6.35]","[0,13.3)","[9.5,10.5]","[0,2.7)"
"308","EREM","Rural","N2","[4.55,6.35]","[0,13.3)","[9.5,10.5]","[5,33.2]"
"309","EREM","Urbana","N2","[4.55,6.35]","[13.3,25.6)","[9.5,10.5]","[0,2.7)"
"310","EREM","Urbana","N2","[4.55,6.35]","[0,13.3)","[9.5,10.5]","[2.7,5)"
"311","EREM","Urbana","N2","[4.55,6.35]","[0,13.3)","[9.5,10.5]","[5,33.2]"
"312","EREM","Urbana","N2","[4.55,6.35]","[0,13.3)","[9.5,10.5]","[0,2.7)"
"313","EREM","Rural","N4","[4.55,6.35]","[13.3,25.6)","[9.5,10.5]","[5,33.2]"
"314","EREM","Urbana","N2","[4.26,4.55)","[0,13.3)","[9.5,10.5]","[2.7,5)"
"315","EREM","Urbana","N4","[4.26,4.55)","[13.3,25.6)","[9.5,10.5]","[2.7,5)"
"316","EREM","Urbana","N2","[4.26,4.55)","[13.3,25.6)","[9.5,10.5]","[0,2.7)"
"317","EREM","Urbana","N2","[4.55,6.35]","[0,13.3)","[9.5,10.5]","[0,2.7)"
"318","EREM","Urbana","N4","[3.54,4.26)","[13.3,25.6)","[5.4,9.5)","[5,33.2]"
"319","EREM","Urbana","N2","[3.54,4.26)","[0,13.3)","[9.5,10.5]","[0,2.7)"
"320","ETE","Urbana","N4","[4.55,6.35]","[0,13.3)","[5.4,9.5)","[5,33.2]"
"321","ETE","Urbana","N4","[4.26,4.55)","[0,13.3)","[9.5,10.5]","[0,2.7)"
"322","ETE","Urbana","N3","[4.26,4.55)","[0,13.3)","[9.5,10.5]","[0,2.7)"
"323","ETE","Urbana","N3","[4.55,6.35]","[0,13.3)","[9.5,10.5]","[2.7,5)"
"324","ETE","Urbana","N4","[4.55,6.35]","[0,13.3)","[9.5,10.5]","[2.7,5)"
"325","ETE","Urbana","N4","[4.55,6.35]","[0,13.3)","[9.5,10.5]","[0,2.7)"
"326","ETE","Urbana","N3","[4.55,6.35]","[0,13.3)","[9.5,10.5]","[0,2.7)"
"327","ETE","Urbana","N4","[3.54,4.26)","[25.6,65.3]","[5.4,9.5)","[2.7,5)"
"328","ETE","Urbana","N3","[4.26,4.55)","[0,13.3)","[9.5,10.5]","[0,2.7)"
"329","ETE","Urbana","N3","[4.26,4.55)","[0,13.3)","[9.5,10.5]","[5,33.2]"
"330","ETE","Urbana","N3","[4.26,4.55)","[0,13.3)","[9.5,10.5]","[0,2.7)"
"331","ETE","Urbana","N3","[4.55,6.35]","[0,13.3)","[9.5,10.5]","[0,2.7)"
"332","ETE","Urbana","N3","[4.55,6.35]","[0,13.3)","[9.5,10.5]","[5,33.2]"
"333","ETE","Urbana","N3","[4.55,6.35]","[0,13.3)","[9.5,10.5]","[2.7,5)"
"334","ETE","Urbana","N3","[4.26,4.55)","[0,13.3)","[9.5,10.5]","[0,2.7)"
"335","ETE","Urbana","N3","[4.55,6.35]","[0,13.3)","[9.5,10.5]","[5,33.2]"
"336","ETE","Urbana","N3","[4.55,6.35]","[0,13.3)","[9.5,10.5]","[0,2.7)"
"337","ETE","Urbana","N2","[4.55,6.35]","[0,13.3)","[9.5,10.5]","[2.7,5)"
"338","ETE","Urbana","N4","[4.55,6.35]","[0,13.3)","[9.5,10.5]","[2.7,5)"
"339","ETE","Urbana","N3","[3.54,4.26)","[13.3,25.6)","[9.5,10.5]","[5,33.2]"
"340","ETE","Urbana","N3","[4.55,6.35]","[0,13.3)","[9.5,10.5]","[0,2.7)"
"341","ETE","Urbana","N3","[3.54,4.26)","[0,13.3)","[9.5,10.5]","[0,2.7)"
"342","ETE","Urbana","N3","[4.26,4.55)","[0,13.3)","[9.5,10.5]","[0,2.7)"
"343","ETE","Urbana","N2","[4.55,6.35]","[0,13.3)","[9.5,10.5]","[2.7,5)"
"344","ETE","Urbana","N3","[4.26,4.55)","[0,13.3)","[9.5,10.5]","[0,2.7)"
"345","ETE","Urbana","N2","[4.55,6.35]","[0,13.3)","[9.5,10.5]","[2.7,5)"
"346","ETE","Urbana","N3","[4.55,6.35]","[0,13.3)","[9.5,10.5]","[2.7,5)"
"347","ETE","Urbana","N3","[4.26,4.55)","[0,13.3)","[9.5,10.5]","[2.7,5)"
"348","ETE","Urbana","N2","[4.55,6.35]","[0,13.3)","[9.5,10.5]","[5,33.2]"
"349","ETE","Rural","N3","[4.26,4.55)","[0,13.3)","[9.5,10.5]","[2.7,5)"
"350","ETE","Urbana","N4","[4.55,6.35]","[0,13.3)","[9.5,10.5]","[2.7,5)"
"351","ETE","Urbana","N4","[4.55,6.35]","[0,13.3)","[9.5,10.5]","[5,33.2]"
"352","ETE","Urbana","N3","[4.55,6.35]","[0,13.3)","[9.5,10.5]","[2.7,5)"
"353","ETE","Urbana","N3","[4.26,4.55)","[0,13.3)","[9.5,10.5]","[2.7,5)"
"354","ETE","Urbana","N3","[4.26,4.55)","[0,13.3)","[9.5,10.5]","[0,2.7)"
"355","ETE","Urbana","N3","[4.55,6.35]","[0,13.3)","[9.5,10.5]","[5,33.2]"
"356","ETE","Urbana","N3","[4.55,6.35]","[0,13.3)","[9.5,10.5]","[0,2.7)"
"357","ETE","Urbana","N3","[3.54,4.26)","[0,13.3)","[9.5,10.5]","[5,33.2]"
"358","Federal","Rural","N3","[4.26,4.55)","[13.3,25.6)","[5.4,9.5)","[5,33.2]"
"359","Federal","Urbana","N5","[4.55,6.35]","[0,13.3)","[3.8,5.4)","[5,33.2]"
"360","Federal","Urbana","N5","[4.26,4.55)","[25.6,65.3]","[9.5,10.5]","[5,33.2]"
"361","Federal","Rural","N5","[4.55,6.35]","[13.3,25.6)","[9.5,10.5]","[5,33.2]"
"362","Federal","Rural","N4","[4.26,4.55)","[25.6,65.3]","[9.5,10.5]","[5,33.2]"
"363","Federal","Urbana","N2","[4.55,6.35]","[0,13.3)","[3.8,5.4)","[0,2.7)"
"364","Federal","Urbana","N4",NA,"[25.6,65.3]","[3.8,5.4)","[5,33.2]"
"365","Federal","Urbana","N4","[4.55,6.35]","[0,13.3)","[5.4,9.5)","[2.7,5)"
"366","Federal","Rural","N5","[4.55,6.35]","[25.6,65.3]","[3.8,5.4)","[5,33.2]"
"367","Federal","Urbana","N3","[4.55,6.35]","[0,13.3)","[3.8,5.4)","[0,2.7)"
"368","Federal","Urbana","N5","[4.55,6.35]","[13.3,25.6)","[3.8,5.4)","[5,33.2]"
"369","Federal","Urbana","N5","[4.55,6.35]","[0,13.3)","[3.8,5.4)","[5,33.2]"
"370","Federal","Rural","N5","[4.55,6.35]","[13.3,25.6)","[3.8,5.4)","[5,33.2]"
"371","Privada","Urbana","N2",NA,"[0,13.3)","[5.4,9.5)","[2.7,5)"
"372","Privada","Urbana","N4",NA,"[0,13.3)","[3.8,5.4)","[0,2.7)"
"373","Privada","Urbana","N4",NA,"[0,13.3)","[5.4,9.5)","[0,2.7)"
"374","Privada","Urbana","N4",NA,"[0,13.3)","[5.4,9.5)","[5,33.2]"
"375","Privada","Urbana","N4",NA,"[0,13.3)","[3.8,5.4)","[0,2.7)"
"376","Privada","Urbana","N3",NA,"[0,13.3)","[5.4,9.5)","[0,2.7)"
"377","Privada","Urbana","N4",NA,"[0,13.3)","[5.4,9.5)","[5,33.2]"
"378","Privada","Urbana","N4",NA,"[0,13.3)","[3.8,5.4)","[0,2.7)"
"379","Privada","Urbana","N4",NA,"[0,13.3)","[5.4,9.5)","[2.7,5)"
"380","Privada","Urbana","N4",NA,"[0,13.3)","[9.5,10.5]","[5,33.2]"
"381","Privada","Urbana","N4",NA,"[0,13.3)","[3.8,5.4)","[0,2.7)"
"382","Privada","Urbana","N4",NA,"[0,13.3)","[3.8,5.4)","[0,2.7)"
"383","Privada","Urbana","N4",NA,"[0,13.3)","[3.8,5.4)","[5,33.2]"
"384","Privada","Urbana","N4",NA,"[0,13.3)","[5.4,9.5)","[0,2.7)"
"385","Privada","Urbana","N3",NA,"[0,13.3)","[3.8,5.4)","[2.7,5)"
"386","Privada","Urbana","N4",NA,"[0,13.3)","[3.8,5.4)","[5,33.2]"
"387","Privada","Urbana","N4",NA,"[0,13.3)","[5.4,9.5)","[0,2.7)"
"388","Privada","Urbana","N4",NA,"[0,13.3)","[3.8,5.4)","[5,33.2]"
"389","Privada","Urbana","N4",NA,"[0,13.3)","[3.8,5.4)","[0,2.7)"
"390","Privada","Urbana","N6",NA,"[13.3,25.6)","[5.4,9.5)","[5,33.2]"
"391","Privada","Urbana","N4",NA,"[0,13.3)","[3.8,5.4)","[0,2.7)"
"392","Privada","Urbana","N4",NA,"[0,13.3)","[3.8,5.4)","[5,33.2]"
"393","Privada","Urbana","N4",NA,"[0,13.3)","[5.4,9.5)","[5,33.2]"
"394","Privada","Urbana","N4",NA,"[0,13.3)","[3.8,5.4)","[2.7,5)"
"395","Privada","Urbana","N4",NA,"[0,13.3)","[5.4,9.5)","[5,33.2]"
"396","Privada","Urbana","N4",NA,"[0,13.3)","[5.4,9.5)","[2.7,5)"
"397","Privada","Urbana","N4",NA,"[0,13.3)","[5.4,9.5)","[2.7,5)"
"398","Privada","Urbana","N4",NA,"[0,13.3)","[5.4,9.5)","[2.7,5)"
"399","Privada","Urbana","N4",NA,"[0,13.3)","[5.4,9.5)","[2.7,5)"
"400","Privada","Urbana","N4",NA,"[0,13.3)","[3.8,5.4)","[0,2.7)"
"401","Privada","Urbana","N3",NA,"[0,13.3)","[5.4,9.5)","[5,33.2]"
"402","Privada","Urbana","N4",NA,"[0,13.3)","[3.8,5.4)","[0,2.7)"
"403","Privada","Urbana","N4",NA,"[0,13.3)","[5.4,9.5)","[0,2.7)"
"404","Privada","Urbana","N3",NA,"[0,13.3)","[5.4,9.5)","[2.7,5)"
"405","Privada","Urbana","N2",NA,"[0,13.3)","[5.4,9.5)","[2.7,5)"
"406","Privada","Urbana","N4",NA,"[0,13.3)","[3.8,5.4)","[0,2.7)"
"407","Privada","Urbana","N3",NA,"[0,13.3)","[3.8,5.4)","[0,2.7)"
"408","Privada","Urbana","N5",NA,"[0,13.3)","[3.8,5.4)","[2.7,5)"
"409","Privada","Urbana","N3",NA,"[0,13.3)","[5.4,9.5)","[0,2.7)"
"410","Privada","Urbana","N3",NA,"[0,13.3)","[5.4,9.5)","[0,2.7)"
"411","Privada","Urbana","N3",NA,"[0,13.3)","[3.8,5.4)","[2.7,5)"
"412","Privada","Urbana","N4",NA,"[0,13.3)","[5.4,9.5)","[5,33.2]"
"413","Privada","Urbana","N4",NA,"[0,13.3)","[5.4,9.5)","[2.7,5)"
"414","Privada","Urbana","N4",NA,"[0,13.3)","[3.8,5.4)","[5,33.2]"
"415","Privada","Urbana","N4",NA,"[0,13.3)","[3.8,5.4)","[5,33.2]"
"416","Privada","Urbana","N4",NA,"[0,13.3)","[3.8,5.4)","[2.7,5)"
"417","Privada","Urbana","N4",NA,"[0,13.3)","[3.8,5.4)","[5,33.2]"
"418","Privada","Urbana","N4",NA,"[0,13.3)","[3.8,5.4)","[0,2.7)"
"419","Privada","Urbana","N4",NA,"[0,13.3)","[5.4,9.5)","[0,2.7)"
"420","Privada","Urbana","N4",NA,"[0,13.3)","[3.8,5.4)","[5,33.2]"
"421","Privada","Urbana","N4",NA,"[0,13.3)","[5.4,9.5)","[2.7,5)"
"422","Privada","Urbana","N3",NA,"[0,13.3)","[3.8,5.4)","[5,33.2]"
"423","Privada","Urbana","N3",NA,"[0,13.3)","[5.4,9.5)","[5,33.2]"
"424","Privada","Urbana","N3",NA,"[0,13.3)","[3.8,5.4)","[5,33.2]"
"425","Privada","Urbana","N3",NA,"[0,13.3)","[3.8,5.4)","[0,2.7)"
"426","Privada","Urbana","N3",NA,"[0,13.3)","[5.4,9.5)","[5,33.2]"
"427","Privada","Urbana","N4",NA,"[0,13.3)","[3.8,5.4)","[2.7,5)"
"428","Privada","Urbana","N3",NA,"[0,13.3)","[5.4,9.5)","[5,33.2]"
"429","Privada","Urbana","N3",NA,"[0,13.3)","[5.4,9.5)","[0,2.7)"
"430","Regular","Urbana","N6","[3.54,4.26)","[25.6,65.3]","[3.8,5.4)","[5,33.2]"
"431","Regular","Urbana","N6","[3.54,4.26)","[25.6,65.3]","[3.8,5.4)","[2.7,5)"
"432","Regular","Urbana","N5","[3.54,4.26)","[25.6,65.3]","[3.8,5.4)","[0,2.7)"
"433","Regular","Urbana","N6","[3.54,4.26)","[25.6,65.3]","[3.8,5.4)","[2.7,5)"
"434","Regular","Urbana","N4","[3.54,4.26)","[25.6,65.3]","[3.8,5.4)","[2.7,5)"
"435","Regular","Urbana","N5","[3.54,4.26)","[13.3,25.6)","[3.8,5.4)","[0,2.7)"
"436","Regular","Rural","N4","[4.55,6.35]","[0,13.3)","[3.8,5.4)","[0,2.7)"
"437","Regular","Urbana","N6","[4.26,4.55)","[25.6,65.3]","[3.8,5.4)","[2.7,5)"
"438","Regular","Urbana","N5","[3.54,4.26)","[25.6,65.3]","[3.8,5.4)","[0,2.7)"
"439","Regular","Urbana","N4","[4.55,6.35]","[13.3,25.6)","[3.8,5.4)","[2.7,5)"
"440","Regular","Urbana","N4","[4.26,4.55)","[25.6,65.3]","[3.8,5.4)","[2.7,5)"
"441","Regular","Urbana","N5","[3.54,4.26)","[25.6,65.3]","[3.8,5.4)","[2.7,5)"
"442","Regular","Urbana","N4","[3.54,4.26)","[13.3,25.6)","[3.8,5.4)","[0,2.7)"
"443","Regular","Urbana","N5","[3.54,4.26)","[25.6,65.3]","[3.8,5.4)","[0,2.7)"
"444","Regular","Urbana","N5","[4.26,4.55)","[25.6,65.3]","[3.8,5.4)","[5,33.2]"
"445","Regular","Urbana","N4","[4.55,6.35]","[25.6,65.3]","[3.8,5.4)","[5,33.2]"
"446","Regular","Urbana","N5","[4.55,6.35]","[25.6,65.3]","[3.8,5.4)","[5,33.2]"
"447","Regular","Urbana","N5","[4.26,4.55)","[25.6,65.3]","[3.8,5.4)","[5,33.2]"
"448","Regular","Urbana","N3","[4.55,6.35]","[0,13.3)","[3.8,5.4)","[0,2.7)"
"449","Regular","Urbana","N6","[4.55,6.35]","[25.6,65.3]","[3.8,5.4)","[5,33.2]"
"450","Regular","Urbana","N6","[4.55,6.35]","[13.3,25.6)","[3.8,5.4)","[2.7,5)"
"451","Regular","Urbana","N6","[4.55,6.35]","[25.6,65.3]","[3.8,5.4)","[5,33.2]"
"452","Regular","Urbana","N4","[4.55,6.35]","[25.6,65.3]","[3.8,5.4)","[5,33.2]"
"453","Regular","Urbana","N6","[3.54,4.26)","[25.6,65.3]","[3.8,5.4)","[5,33.2]"
"454","Regular","Urbana","N5","[3.54,4.26)","[25.6,65.3]","[3.8,5.4)","[5,33.2]"
"455","Regular","Urbana","N4","[3.54,4.26)","[25.6,65.3]","[3.8,5.4)","[2.7,5)"
"456","Regular","Urbana","N5","[3.54,4.26)","[25.6,65.3]","[3.8,5.4)","[2.7,5)"
"457","Regular","Urbana","N4","[4.26,4.55)","[25.6,65.3]","[3.8,5.4)","[5,33.2]"
"458","Regular","Urbana","N5","[4.26,4.55)","[25.6,65.3]","[3.8,5.4)","[2.7,5)"
"459","Regular","Urbana","N5","[4.26,4.55)","[25.6,65.3]","[3.8,5.4)","[2.7,5)"
"460","Regular","Urbana","N4","[4.55,6.35]","[25.6,65.3]","[3.8,5.4)","[5,33.2]"
"461","Regular","Urbana","N5","[4.26,4.55)","[25.6,65.3]","[3.8,5.4)","[5,33.2]"
"462","Regular","Urbana","N5","[3.54,4.26)","[25.6,65.3]","[3.8,5.4)","[5,33.2]"
"463","Regular","Urbana","N5","[3.54,4.26)","[25.6,65.3]","[3.8,5.4)","[2.7,5)"
"464","Regular","Urbana","N3","[3.54,4.26)","[25.6,65.3]","[3.8,5.4)","[2.7,5)"
"465","Regular","Urbana","N5","[3.54,4.26)","[25.6,65.3]","[3.8,5.4)","[0,2.7)"
"466","Regular","Urbana","N4","[3.54,4.26)","[25.6,65.3]","[3.8,5.4)","[5,33.2]"
"467","Regular","Urbana","N4","[4.26,4.55)","[25.6,65.3]","[3.8,5.4)","[5,33.2]"
"468","Regular","Urbana","N5","[4.26,4.55)","[25.6,65.3]","[3.8,5.4)","[5,33.2]"
"469","Regular","Urbana","N6","[4.55,6.35]","[25.6,65.3]","[3.8,5.4)","[2.7,5)"
"470","Regular","Urbana","N3","[4.26,4.55)","[13.3,25.6)","[3.8,5.4)","[0,2.7)"
"471","Regular","Urbana","N4","[3.54,4.26)","[25.6,65.3]","[3.8,5.4)","[5,33.2]"
"472","Regular","Urbana","N5","[3.54,4.26)","[25.6,65.3]","[3.8,5.4)","[5,33.2]"
"473","Regular","Urbana","N4","[3.54,4.26)","[25.6,65.3]","[3.8,5.4)","[0,2.7)"
"474","Regular","Urbana","N6","[3.54,4.26)","[13.3,25.6)","[3.8,5.4)","[2.7,5)"
"475","Regular","Urbana","N5","[3.54,4.26)","[25.6,65.3]","[3.8,5.4)","[5,33.2]"
"476","Regular","Urbana","N5","[3.54,4.26)","[25.6,65.3]","[3.8,5.4)","[2.7,5)"
"477","Regular","Urbana","N4","[3.54,4.26)","[25.6,65.3]","[3.8,5.4)","[2.7,5)"
"478","Regular","Urbana","N5","[4.55,6.35]","[13.3,25.6)","[3.8,5.4)","[0,2.7)"
"479","Regular","Urbana","N5","[4.26,4.55)","[25.6,65.3]","[3.8,5.4)","[0,2.7)"
"480","Regular","Urbana","N4","[4.26,4.55)","[25.6,65.3]","[3.8,5.4)","[2.7,5)"
"481","Regular","Urbana","N5","[4.26,4.55)","[25.6,65.3]","[3.8,5.4)","[0,2.7)"
"482","Regular","Urbana","N6","[4.26,4.55)","[25.6,65.3]","[3.8,5.4)","[5,33.2]"
"483","Regular","Urbana","N3","[4.55,6.35]","[25.6,65.3]","[3.8,5.4)","[0,2.7)"
"484","Regular","Urbana","N5","[3.54,4.26)","[13.3,25.6)","[3.8,5.4)","[2.7,5)"
"485","Regular","Urbana","N5","[3.54,4.26)","[25.6,65.3]","[3.8,5.4)","[0,2.7)"
"486","Regular","Urbana","N5","[3.54,4.26)","[25.6,65.3]","[3.8,5.4)","[5,33.2]"
"487","Regular","Urbana","N5","[3.54,4.26)","[25.6,65.3]","[3.8,5.4)","[5,33.2]"
"488","Regular","Urbana","N4","[4.55,6.35]","[13.3,25.6)","[3.8,5.4)","[5,33.2]"
"489","Regular","Urbana","N5","[3.54,4.26)","[25.6,65.3]","[3.8,5.4)","[5,33.2]"
"490","Regular","Urbana","N5","[4.26,4.55)","[25.6,65.3]","[3.8,5.4)","[5,33.2]"
"491","Regular","Urbana","N5","[3.54,4.26)","[25.6,65.3]","[3.8,5.4)","[5,33.2]"
"492","Regular","Urbana","N5","[3.54,4.26)","[25.6,65.3]","[3.8,5.4)","[2.7,5)"
"493","Regular","Urbana","N3","[4.55,6.35]","[0,13.3)","[3.8,5.4)","[0,2.7)"
"494","Regular","Urbana","N5","[3.54,4.26)","[25.6,65.3]","[3.8,5.4)","[0,2.7)"
"495","Regular","Urbana","N5","[3.54,4.26)","[25.6,65.3]","[3.8,5.4)","[2.7,5)"
"496","Regular","Urbana","N5","[4.26,4.55)","[25.6,65.3]","[3.8,5.4)","[5,33.2]"
"497","Regular","Urbana","N5","[3.54,4.26)","[25.6,65.3]","[3.8,5.4)","[0,2.7)"
"498","Regular","Urbana","N5","[3.54,4.26)","[25.6,65.3]","[3.8,5.4)","[5,33.2]"
"499","Regular","Urbana","N5","[3.54,4.26)","[25.6,65.3]","[3.8,5.4)","[0,2.7)"
"500","Regular","Urbana","N5","[3.54,4.26)","[25.6,65.3]","[3.8,5.4)","[2.7,5)"
"501","Regular","Urbana","N6","[4.26,4.55)","[25.6,65.3]","[3.8,5.4)","[5,33.2]"
"502","Regular","Urbana","N5","[4.55,6.35]","[25.6,65.3]","[3.8,5.4)","[2.7,5)"
"503","Regular","Urbana","N6","[4.55,6.35]","[25.6,65.3]","[3.8,5.4)","[5,33.2]"
"504","Regular","Urbana","N5","[4.55,6.35]","[13.3,25.6)","[3.8,5.4)","[5,33.2]"
"505","Regular","Urbana","N6","[4.26,4.55)","[25.6,65.3]","[3.8,5.4)","[5,33.2]"
"506","Regular","Urbana","N6","[4.55,6.35]","[13.3,25.6)","[3.8,5.4)","[5,33.2]"
"507","Regular","Urbana","N6","[4.26,4.55)","[25.6,65.3]","[3.8,5.4)","[2.7,5)"
"508","Regular","Rural","N5","[4.26,4.55)","[25.6,65.3]","[3.8,5.4)","[5,33.2]"
"509","Regular","Urbana","N5","[4.26,4.55)","[25.6,65.3]","[3.8,5.4)","[5,33.2]"
"510","Regular","Urbana","N5","[4.26,4.55)","[25.6,65.3]","[3.8,5.4)","[5,33.2]"
"511","Regular","Urbana","N5","[3.54,4.26)","[25.6,65.3]","[3.8,5.4)","[2.7,5)"
"512","Regular","Urbana","N5","[4.26,4.55)","[25.6,65.3]","[3.8,5.4)","[5,33.2]"
"513","Regular","Urbana","N5","[4.26,4.55)","[25.6,65.3]","[3.8,5.4)","[0,2.7)"
"514","Regular","Urbana","N5","[4.26,4.55)","[25.6,65.3]","[3.8,5.4)","[0,2.7)"
"515","Regular","Urbana","N5","[4.26,4.55)","[25.6,65.3]","[3.8,5.4)","[5,33.2]"
"516","Regular","Urbana","N5","[4.55,6.35]","[25.6,65.3]","[3.8,5.4)","[5,33.2]"
"517","Regular","Urbana","N5","[4.26,4.55)","[25.6,65.3]","[3.8,5.4)","[0,2.7)"
"518","Regular","Urbana","N5","[4.55,6.35]","[25.6,65.3]","[3.8,5.4)","[5,33.2]"
"519","Regular","Urbana","N5","[4.26,4.55)","[25.6,65.3]","[3.8,5.4)","[0,2.7)"
"520","Regular","Urbana","N6","[4.26,4.55)","[25.6,65.3]","[3.8,5.4)","[5,33.2]"
"521","Regular","Urbana","N5","[4.55,6.35]","[25.6,65.3]","[3.8,5.4)","[5,33.2]"
"522","Regular","Urbana","N5","[4.26,4.55)","[25.6,65.3]","[3.8,5.4)","[5,33.2]"
"523","Regular","Urbana","N5","[4.26,4.55)","[25.6,65.3]","[3.8,5.4)","[5,33.2]"
"524","Regular","Urbana","N6","[4.55,6.35]","[25.6,65.3]","[3.8,5.4)","[5,33.2]"
"525","Regular","Urbana","N6","[4.26,4.55)","[25.6,65.3]","[3.8,5.4)","[5,33.2]"
"526","Regular","Urbana","N6","[4.26,4.55)","[25.6,65.3]","[3.8,5.4)","[0,2.7)"
"527","Regular","Urbana","N4","[4.55,6.35]","[25.6,65.3]","[3.8,5.4)","[0,2.7)"
"528","Regular","Urbana","N5","[4.26,4.55)","[25.6,65.3]","[3.8,5.4)","[5,33.2]"
"529","Regular","Urbana","N5","[4.26,4.55)","[25.6,65.3]","[3.8,5.4)","[0,2.7)"
"530","Regular","Urbana","N6","[4.55,6.35]","[25.6,65.3]","[3.8,5.4)","[5,33.2]"
"531","Regular","Urbana","N5","[4.55,6.35]","[13.3,25.6)","[3.8,5.4)","[5,33.2]"
"532","Regular","Urbana","N6","[4.26,4.55)","[25.6,65.3]","[3.8,5.4)","[5,33.2]"
"533","Regular","Urbana","N6","[4.26,4.55)","[25.6,65.3]","[3.8,5.4)","[2.7,5)"
"534","Regular","Urbana","N2","[4.55,6.35]","[0,13.3)","[3.8,5.4)","[0,2.7)"
"535","Regular","Urbana","N5","[4.26,4.55)","[25.6,65.3]","[3.8,5.4)","[5,33.2]"
"536","Regular","Urbana","N4","[4.55,6.35]","[13.3,25.6)","[3.8,5.4)","[5,33.2]"
"537","Regular","Urbana","N3","[4.55,6.35]","[13.3,25.6)","[3.8,5.4)","[5,33.2]"
"538","Regular","Urbana","N3","[4.26,4.55)","[25.6,65.3]","[3.8,5.4)","[0,2.7)"
"539","Regular","Urbana","N3","[4.55,6.35]","[25.6,65.3]","[3.8,5.4)","[2.7,5)"
"540","Regular","Urbana","N4","[4.55,6.35]","[0,13.3)","[3.8,5.4)","[5,33.2]"
"541","Regular","Urbana","N6","[4.55,6.35]","[25.6,65.3]","[3.8,5.4)","[2.7,5)"
"542","Regular","Urbana","N4","[4.26,4.55)","[25.6,65.3]","[3.8,5.4)","[5,33.2]"
"543","Regular","Urbana","N4","[4.55,6.35]","[13.3,25.6)","[3.8,5.4)","[5,33.2]"
"544","Regular","Urbana","N4","[4.55,6.35]","[25.6,65.3]","[3.8,5.4)","[5,33.2]"
"545","Regular","Urbana","N4","[4.26,4.55)","[25.6,65.3]","[3.8,5.4)","[2.7,5)"
"546","Regular","Urbana","N6","[4.26,4.55)","[25.6,65.3]","[3.8,5.4)","[2.7,5)"
"547","Regular","Urbana","N4","[4.26,4.55)","[25.6,65.3]","[3.8,5.4)","[5,33.2]"
"548","Regular","Urbana","N6","[4.26,4.55)","[25.6,65.3]","[3.8,5.4)","[2.7,5)"
"549","Regular","Urbana","N4","[4.55,6.35]","[25.6,65.3]","[3.8,5.4)","[5,33.2]"
"550","Regular","Urbana","N5","[4.26,4.55)","[25.6,65.3]","[3.8,5.4)","[5,33.2]"
"551","Regular","Urbana","N4","[4.55,6.35]","[13.3,25.6)","[3.8,5.4)","[0,2.7)"
"552","Regular","Urbana","N5","[4.26,4.55)","[25.6,65.3]","[3.8,5.4)","[0,2.7)"
"553","Regular","Urbana","N5","[4.26,4.55)","[25.6,65.3]","[3.8,5.4)","[5,33.2]"
"554","Regular","Urbana","N6","[4.26,4.55)","[25.6,65.3]","[3.8,5.4)","[5,33.2]"
"555","Regular","Urbana","N4","[4.26,4.55)","[25.6,65.3]","[3.8,5.4)","[5,33.2]"
"556","Regular","Urbana","N5","[4.26,4.55)","[25.6,65.3]","[3.8,5.4)","[0,2.7)"
"557","Regular","Urbana","N4","[4.26,4.55)","[25.6,65.3]","[3.8,5.4)","[5,33.2]"
"558","Regular","Urbana","N4","[4.26,4.55)","[25.6,65.3]","[3.8,5.4)","[5,33.2]"
"559","Regular","Urbana","N4","[4.55,6.35]","[25.6,65.3]","[3.8,5.4)","[0,2.7)"
"560","Regular","Urbana","N6","[4.26,4.55)","[25.6,65.3]","[3.8,5.4)","[5,33.2]"
"561","Regular","Urbana","N5","[4.26,4.55)","[25.6,65.3]","[3.8,5.4)","[0,2.7)"
"562","Regular","Urbana","N6","[4.26,4.55)","[25.6,65.3]","[3.8,5.4)","[5,33.2]"
"563","Regular","Urbana","N5","[4.55,6.35]","[25.6,65.3]","[3.8,5.4)","[5,33.2]"
"564","Regular","Urbana","N5","[4.26,4.55)","[25.6,65.3]","[3.8,5.4)","[2.7,5)"
"565","Regular","Urbana","N5","[4.26,4.55)","[25.6,65.3]","[3.8,5.4)","[2.7,5)"
"566","Regular","Urbana","N5","[4.26,4.55)","[25.6,65.3]","[3.8,5.4)","[2.7,5)"
"567","Regular","Urbana","N5","[4.26,4.55)","[25.6,65.3]","[3.8,5.4)","[2.7,5)"
"568","Regular","Urbana","N5","[3.54,4.26)","[25.6,65.3]","[3.8,5.4)","[0,2.7)"
"569","Regular","Urbana","N5","[4.26,4.55)","[25.6,65.3]","[3.8,5.4)","[2.7,5)"
"570","Regular","Urbana","N3","[4.55,6.35]","[0,13.3)","[3.8,5.4)","[0,2.7)"
"571","Regular","Urbana","N4","[4.55,6.35]","[0,13.3)","[3.8,5.4)","[5,33.2]"
"572","Regular","Urbana","N5","[4.26,4.55)","[25.6,65.3]","[3.8,5.4)","[5,33.2]"
"573","Regular","Urbana","N5","[4.26,4.55)","[25.6,65.3]","[3.8,5.4)","[2.7,5)"
"574","Regular","Urbana","N5","[4.55,6.35]","[25.6,65.3]","[3.8,5.4)","[5,33.2]"
"575","Regular","Urbana","N5","[3.54,4.26)","[25.6,65.3]","[3.8,5.4)","[2.7,5)"
"576","Regular","Rural","N4","[3.54,4.26)","[13.3,25.6)","[3.8,5.4)","[0,2.7)"
"577","Regular","Urbana","N5","[4.26,4.55)","[25.6,65.3]","[3.8,5.4)","[5,33.2]"
"578","Regular","Rural","N4","[3.54,4.26)","[25.6,65.3]","[3.8,5.4)","[5,33.2]"
"579","Regular","Urbana","N5","[3.54,4.26)","[25.6,65.3]","[3.8,5.4)","[0,2.7)"
