"";"mandante";"visitante";"time"
"1";"FLA";"PAL";"##------ Sun May 02 23:22:18 2021 ------##"
"2";"COR";"ATL";"##------ Sun May 02 23:22:18 2021 ------##"
"3";"CUI";"JUV";"##------ Sun May 02 23:22:18 2021 ------##"
"4";"CHA";"RED";"##------ Sun May 02 23:22:18 2021 ------##"
"5";"ATH";"AME";"##------ Sun May 02 23:22:18 2021 ------##"
"6";"BAH";"SAN";"##------ Sun May 02 23:22:18 2021 ------##"
"7";"CEA";"GRE";"##------ Sun May 02 23:22:18 2021 ------##"
"8";"INT";"SPO";"##------ Sun May 02 23:22:18 2021 ------##"
"9";"ATL";"FOR";"##------ Sun May 02 23:22:18 2021 ------##"
"10";"SAO";"FLU";"##------ Sun May 02 23:22:18 2021 ------##"
"11";"SAN";"CEA";"##------ Sun May 02 23:22:18 2021 ------##"
"12";"ATL";"SAO";"##------ Sun May 02 23:22:18 2021 ------##"
"13";"JUV";"ATH";"##------ Sun May 02 23:22:18 2021 ------##"
"14";"RED";"BAH";"##------ Sun May 02 23:22:18 2021 ------##"
"15";"SPO";"ATL";"##------ Sun May 02 23:22:18 2021 ------##"
"16";"FOR";"INT";"##------ Sun May 02 23:22:18 2021 ------##"
"17";"GRE";"FLA";"##------ Sun May 02 23:22:18 2021 ------##"
"18";"AME";"COR";"##------ Sun May 02 23:22:18 2021 ------##"
"19";"PAL";"CHA";"##------ Sun May 02 23:22:18 2021 ------##"
"20";"FLU";"CUI";"##------ Sun May 02 23:22:18 2021 ------##"
"21";"PAL";"COR";"##------ Sun May 02 23:22:18 2021 ------##"
"22";"FLA";"AME";"##------ Sun May 02 23:22:18 2021 ------##"
"23";"ATL";"SAO";"##------ Sun May 02 23:22:18 2021 ------##"
"24";"SAN";"JUV";"##------ Sun May 02 23:22:18 2021 ------##"
"25";"GRE";"ATH";"##------ Sun May 02 23:22:18 2021 ------##"
"26";"FOR";"SPO";"##------ Sun May 02 23:22:18 2021 ------##"
"27";"CUI";"ATL";"##------ Sun May 02 23:22:18 2021 ------##"
"28";"CHA";"CEA";"##------ Sun May 02 23:22:18 2021 ------##"
"29";"RED";"FLU";"##------ Sun May 02 23:22:18 2021 ------##"
"30";"BAH";"INT";"##------ Sun May 02 23:22:18 2021 ------##"
"31";"SPO";"GRE";"##------ Sun May 02 23:22:18 2021 ------##"
"32";"ATL";"FOR";"##------ Sun May 02 23:22:18 2021 ------##"
"33";"JUV";"PAL";"##------ Sun May 02 23:22:18 2021 ------##"
"34";"ATH";"FLA";"##------ Sun May 02 23:22:18 2021 ------##"
"35";"CEA";"BAH";"##------ Sun May 02 23:22:18 2021 ------##"
"36";"INT";"ATL";"##------ Sun May 02 23:22:18 2021 ------##"
"37";"AME";"CUI";"##------ Sun May 02 23:22:18 2021 ------##"
"38";"SAO";"CHA";"##------ Sun May 02 23:22:18 2021 ------##"
"39";"COR";"RED";"##------ Sun May 02 23:22:18 2021 ------##"
"40";"FLU";"SAN";"##------ Sun May 02 23:22:18 2021 ------##"
"41";"JUV";"SPO";"##------ Sun May 02 23:22:18 2021 ------##"
"42";"CUI";"GRE";"##------ Sun May 02 23:22:18 2021 ------##"
"43";"ATH";"ATL";"##------ Sun May 02 23:22:18 2021 ------##"
"44";"BAH";"COR";"##------ Sun May 02 23:22:18 2021 ------##"
"45";"FOR";"FLU";"##------ Sun May 02 23:22:18 2021 ------##"
"46";"INT";"CEA";"##------ Sun May 02 23:22:18 2021 ------##"
"47";"ATL";"CHA";"##------ Sun May 02 23:22:18 2021 ------##"
"48";"SAN";"SAO";"##------ Sun May 02 23:22:18 2021 ------##"
"49";"PAL";"AME";"##------ Sun May 02 23:22:18 2021 ------##"
"50";"FLA";"RED";"##------ Sun May 02 23:22:18 2021 ------##"
"51";"ATL";"FLU";"##------ Sun May 02 23:22:18 2021 ------##"
"52";"CHA";"INT";"##------ Sun May 02 23:22:18 2021 ------##"
"53";"RED";"PAL";"##------ Sun May 02 23:22:18 2021 ------##"
"54";"BAH";"ATH";"##------ Sun May 02 23:22:18 2021 ------##"
"55";"CEA";"ATL";"##------ Sun May 02 23:22:18 2021 ------##"
"56";"GRE";"SAN";"##------ Sun May 02 23:22:18 2021 ------##"
"57";"AME";"JUV";"##------ Sun May 02 23:22:18 2021 ------##"
"58";"SAO";"CUI";"##------ Sun May 02 23:22:18 2021 ------##"
"59";"COR";"SPO";"##------ Sun May 02 23:22:18 2021 ------##"
"60";"FLA";"FOR";"##------ Sun May 02 23:22:18 2021 ------##"
"61";"FLU";"COR";"##------ Sun May 02 23:22:18 2021 ------##"
"62";"JUV";"FLA";"##------ Sun May 02 23:22:18 2021 ------##"
"63";"ATH";"CHA";"##------ Sun May 02 23:22:18 2021 ------##"
"64";"SPO";"CUI";"##------ Sun May 02 23:22:18 2021 ------##"
"65";"CEA";"SAO";"##------ Sun May 02 23:22:18 2021 ------##"
"66";"GRE";"FOR";"##------ Sun May 02 23:22:18 2021 ------##"
"67";"AME";"INT";"##------ Sun May 02 23:22:18 2021 ------##"
"68";"SAN";"ATL";"##------ Sun May 02 23:22:18 2021 ------##"
"69";"PAL";"BAH";"##------ Sun May 02 23:22:18 2021 ------##"
"70";"ATL";"RED";"##------ Sun May 02 23:22:18 2021 ------##"
"71";"FLU";"ATH";"##------ Sun May 02 23:22:18 2021 ------##"
"72";"COR";"SAO";"##------ Sun May 02 23:22:18 2021 ------##"
"73";"SAN";"SPO";"##------ Sun May 02 23:22:18 2021 ------##"
"74";"CUI";"FLA";"##------ Sun May 02 23:22:18 2021 ------##"
"75";"JUV";"GRE";"##------ Sun May 02 23:22:18 2021 ------##"
"76";"RED";"CEA";"##------ Sun May 02 23:22:18 2021 ------##"
"77";"BAH";"AME";"##------ Sun May 02 23:22:18 2021 ------##"
"78";"FOR";"CHA";"##------ Sun May 02 23:22:18 2021 ------##"
"79";"INT";"PAL";"##------ Sun May 02 23:22:18 2021 ------##"
"80";"ATL";"ATL";"##------ Sun May 02 23:22:18 2021 ------##"
"81";"AME";"SAN";"##------ Sun May 02 23:22:18 2021 ------##"
"82";"CUI";"ATL";"##------ Sun May 02 23:22:18 2021 ------##"
"83";"CHA";"BAH";"##------ Sun May 02 23:22:18 2021 ------##"
"84";"ATH";"FOR";"##------ Sun May 02 23:22:18 2021 ------##"
"85";"SPO";"PAL";"##------ Sun May 02 23:22:18 2021 ------##"
"86";"CEA";"JUV";"##------ Sun May 02 23:22:18 2021 ------##"
"87";"GRE";"ATL";"##------ Sun May 02 23:22:18 2021 ------##"
"88";"SAO";"RED";"##------ Sun May 02 23:22:18 2021 ------##"
"89";"COR";"INT";"##------ Sun May 02 23:22:18 2021 ------##"
"90";"FLA";"FLU";"##------ Sun May 02 23:22:18 2021 ------##"
"91";"SAN";"ATH";"##------ Sun May 02 23:22:18 2021 ------##"
"92";"PAL";"GRE";"##------ Sun May 02 23:22:18 2021 ------##"
"93";"FLU";"CEA";"##------ Sun May 02 23:22:18 2021 ------##"
"94";"INT";"SAO";"##------ Sun May 02 23:22:18 2021 ------##"
"95";"ATL";"FLA";"##------ Sun May 02 23:22:18 2021 ------##"
"96";"FOR";"AME";"##------ Sun May 02 23:22:18 2021 ------##"
"97";"BAH";"JUV";"##------ Sun May 02 23:22:18 2021 ------##"
"98";"ATL";"SPO";"##------ Sun May 02 23:22:18 2021 ------##"
"99";"CHA";"COR";"##------ Sun May 02 23:22:18 2021 ------##"
"100";"RED";"CUI";"##------ Sun May 02 23:22:18 2021 ------##"
"101";"ATH";"RED";"##------ Sun May 02 23:22:18 2021 ------##"
"102";"CUI";"CEA";"##------ Sun May 02 23:22:18 2021 ------##"
"103";"JUV";"ATL";"##------ Sun May 02 23:22:18 2021 ------##"
"104";"SPO";"FLU";"##------ Sun May 02 23:22:18 2021 ------##"
"105";"FOR";"COR";"##------ Sun May 02 23:22:18 2021 ------##"
"106";"GRE";"INT";"##------ Sun May 02 23:22:18 2021 ------##"
"107";"AME";"ATL";"##------ Sun May 02 23:22:18 2021 ------##"
"108";"SAO";"BAH";"##------ Sun May 02 23:22:18 2021 ------##"
"109";"PAL";"SAN";"##------ Sun May 02 23:22:18 2021 ------##"
"110";"FLA";"CHA";"##------ Sun May 02 23:22:18 2021 ------##"
"111";"BAH";"FLA";"##------ Sun May 02 23:22:18 2021 ------##"
"112";"CEA";"ATH";"##------ Sun May 02 23:22:18 2021 ------##"
"113";"INT";"JUV";"##------ Sun May 02 23:22:18 2021 ------##"
"114";"AME";"SPO";"##------ Sun May 02 23:22:18 2021 ------##"
"115";"SAO";"FOR";"##------ Sun May 02 23:22:18 2021 ------##"
"116";"COR";"ATL";"##------ Sun May 02 23:22:18 2021 ------##"
"117";"FLU";"GRE";"##------ Sun May 02 23:22:18 2021 ------##"
"118";"CHA";"CUI";"##------ Sun May 02 23:22:18 2021 ------##"
"119";"RED";"SAN";"##------ Sun May 02 23:22:18 2021 ------##"
"120";"ATL";"PAL";"##------ Sun May 02 23:22:18 2021 ------##"
"121";"FLA";"SAO";"##------ Sun May 02 23:22:18 2021 ------##"
"122";"CUI";"COR";"##------ Sun May 02 23:22:18 2021 ------##"
"123";"JUV";"CHA";"##------ Sun May 02 23:22:18 2021 ------##"
"124";"ATH";"INT";"##------ Sun May 02 23:22:18 2021 ------##"
"125";"SPO";"CEA";"##------ Sun May 02 23:22:18 2021 ------##"
"126";"FOR";"RED";"##------ Sun May 02 23:22:18 2021 ------##"
"127";"GRE";"AME";"##------ Sun May 02 23:22:18 2021 ------##"
"128";"ATL";"BAH";"##------ Sun May 02 23:22:18 2021 ------##"
"129";"SAN";"ATL";"##------ Sun May 02 23:22:18 2021 ------##"
"130";"PAL";"FLU";"##------ Sun May 02 23:22:18 2021 ------##"
"131";"COR";"FLA";"##------ Sun May 02 23:22:18 2021 ------##"
"132";"ATL";"AME";"##------ Sun May 02 23:22:18 2021 ------##"
"133";"CHA";"SAN";"##------ Sun May 02 23:22:18 2021 ------##"
"134";"RED";"GRE";"##------ Sun May 02 23:22:18 2021 ------##"
"135";"BAH";"SPO";"##------ Sun May 02 23:22:18 2021 ------##"
"136";"CEA";"FOR";"##------ Sun May 02 23:22:18 2021 ------##"
"137";"INT";"CUI";"##------ Sun May 02 23:22:18 2021 ------##"
"138";"ATL";"ATH";"##------ Sun May 02 23:22:18 2021 ------##"
"139";"SAO";"PAL";"##------ Sun May 02 23:22:18 2021 ------##"
"140";"FLU";"JUV";"##------ Sun May 02 23:22:18 2021 ------##"
"141";"CUI";"BAH";"##------ Sun May 02 23:22:18 2021 ------##"
"142";"JUV";"ATL";"##------ Sun May 02 23:22:18 2021 ------##"
"143";"ATH";"SAO";"##------ Sun May 02 23:22:18 2021 ------##"
"144";"SPO";"RED";"##------ Sun May 02 23:22:18 2021 ------##"
"145";"CEA";"ATL";"##------ Sun May 02 23:22:18 2021 ------##"
"146";"AME";"FLU";"##------ Sun May 02 23:22:18 2021 ------##"
"147";"GRE";"CHA";"##------ Sun May 02 23:22:18 2021 ------##"
"148";"SAN";"COR";"##------ Sun May 02 23:22:18 2021 ------##"
"149";"PAL";"FOR";"##------ Sun May 02 23:22:18 2021 ------##"
"150";"FLA";"INT";"##------ Sun May 02 23:22:18 2021 ------##"
"151";"FOR";"SAN";"##------ Sun May 02 23:22:18 2021 ------##"
"152";"CUI";"ATH";"##------ Sun May 02 23:22:18 2021 ------##"
"153";"CHA";"AME";"##------ Sun May 02 23:22:18 2021 ------##"
"154";"RED";"JUV";"##------ Sun May 02 23:22:18 2021 ------##"
"155";"BAH";"ATL";"##------ Sun May 02 23:22:18 2021 ------##"
"156";"INT";"FLU";"##------ Sun May 02 23:22:18 2021 ------##"
"157";"ATL";"PAL";"##------ Sun May 02 23:22:18 2021 ------##"
"158";"SAO";"GRE";"##------ Sun May 02 23:22:18 2021 ------##"
"159";"COR";"CEA";"##------ Sun May 02 23:22:18 2021 ------##"
"160";"FLA";"SPO";"##------ Sun May 02 23:22:18 2021 ------##"
"161";"GRE";"BAH";"##------ Sun May 02 23:22:18 2021 ------##"
"162";"AME";"RED";"##------ Sun May 02 23:22:18 2021 ------##"
"163";"SAN";"INT";"##------ Sun May 02 23:22:18 2021 ------##"
"164";"PAL";"CUI";"##------ Sun May 02 23:22:18 2021 ------##"
"165";"FLU";"ATL";"##------ Sun May 02 23:22:18 2021 ------##"
"166";"SPO";"SAO";"##------ Sun May 02 23:22:18 2021 ------##"
"167";"CEA";"FLA";"##------ Sun May 02 23:22:18 2021 ------##"
"168";"ATH";"COR";"##------ Sun May 02 23:22:18 2021 ------##"
"169";"JUV";"FOR";"##------ Sun May 02 23:22:18 2021 ------##"
"170";"ATL";"CHA";"##------ Sun May 02 23:22:18 2021 ------##"
"171";"ATL";"INT";"##------ Sun May 02 23:22:18 2021 ------##"
"172";"JUV";"SAO";"##------ Sun May 02 23:22:18 2021 ------##"
"173";"RED";"ATL";"##------ Sun May 02 23:22:18 2021 ------##"
"174";"SPO";"CHA";"##------ Sun May 02 23:22:18 2021 ------##"
"175";"FOR";"CUI";"##------ Sun May 02 23:22:18 2021 ------##"
"176";"GRE";"COR";"##------ Sun May 02 23:22:18 2021 ------##"
"177";"AME";"CEA";"##------ Sun May 02 23:22:18 2021 ------##"
"178";"SAN";"FLA";"##------ Sun May 02 23:22:18 2021 ------##"
"179";"PAL";"ATH";"##------ Sun May 02 23:22:18 2021 ------##"
"180";"FLU";"BAH";"##------ Sun May 02 23:22:18 2021 ------##"
"181";"CUI";"SAN";"##------ Sun May 02 23:22:18 2021 ------##"
"182";"CHA";"FLU";"##------ Sun May 02 23:22:18 2021 ------##"
"183";"ATH";"SPO";"##------ Sun May 02 23:22:18 2021 ------##"
"184";"BAH";"FOR";"##------ Sun May 02 23:22:18 2021 ------##"
"185";"CEA";"PAL";"##------ Sun May 02 23:22:18 2021 ------##"
"186";"INT";"RED";"##------ Sun May 02 23:22:18 2021 ------##"
"187";"ATL";"GRE";"##------ Sun May 02 23:22:18 2021 ------##"
"188";"SAO";"AME";"##------ Sun May 02 23:22:18 2021 ------##"
"189";"COR";"JUV";"##------ Sun May 02 23:22:18 2021 ------##"
"190";"FLA";"ATL";"##------ Sun May 02 23:22:18 2021 ------##"
"191";"ATL";"COR";"##------ Sun May 02 23:22:18 2021 ------##"
"192";"JUV";"CUI";"##------ Sun May 02 23:22:18 2021 ------##"
"193";"RED";"CHA";"##------ Sun May 02 23:22:18 2021 ------##"
"194";"SPO";"INT";"##------ Sun May 02 23:22:18 2021 ------##"
"195";"FOR";"ATL";"##------ Sun May 02 23:22:18 2021 ------##"
"196";"GRE";"CEA";"##------ Sun May 02 23:22:18 2021 ------##"
"197";"AME";"ATH";"##------ Sun May 02 23:22:18 2021 ------##"
"198";"PAL";"FLA";"##------ Sun May 02 23:22:18 2021 ------##"
"199";"SAN";"BAH";"##------ Sun May 02 23:22:18 2021 ------##"
"200";"FLU";"SAO";"##------ Sun May 02 23:22:18 2021 ------##"
"201";"ATL";"SPO";"##------ Sun May 02 23:22:18 2021 ------##"
"202";"CUI";"FLU";"##------ Sun May 02 23:22:18 2021 ------##"
"203";"CHA";"PAL";"##------ Sun May 02 23:22:18 2021 ------##"
"204";"ATH";"JUV";"##------ Sun May 02 23:22:18 2021 ------##"
"205";"BAH";"RED";"##------ Sun May 02 23:22:18 2021 ------##"
"206";"CEA";"SAN";"##------ Sun May 02 23:22:18 2021 ------##"
"207";"INT";"FOR";"##------ Sun May 02 23:22:18 2021 ------##"
"208";"SAO";"ATL";"##------ Sun May 02 23:22:18 2021 ------##"
"209";"COR";"AME";"##------ Sun May 02 23:22:18 2021 ------##"
"210";"FLA";"GRE";"##------ Sun May 02 23:22:18 2021 ------##"
"211";"SAO";"ATL";"##------ Sun May 02 23:22:18 2021 ------##"
"212";"COR";"PAL";"##------ Sun May 02 23:22:18 2021 ------##"
"213";"FLU";"RED";"##------ Sun May 02 23:22:18 2021 ------##"
"214";"INT";"BAH";"##------ Sun May 02 23:22:18 2021 ------##"
"215";"AME";"FLA";"##------ Sun May 02 23:22:18 2021 ------##"
"216";"CEA";"CHA";"##------ Sun May 02 23:22:18 2021 ------##"
"217";"SPO";"FOR";"##------ Sun May 02 23:22:18 2021 ------##"
"218";"ATL";"CUI";"##------ Sun May 02 23:22:18 2021 ------##"
"219";"JUV";"SAN";"##------ Sun May 02 23:22:18 2021 ------##"
"220";"ATH";"GRE";"##------ Sun May 02 23:22:18 2021 ------##"
"221";"RED";"COR";"##------ Sun May 02 23:22:18 2021 ------##"
"222";"CUI";"AME";"##------ Sun May 02 23:22:18 2021 ------##"
"223";"CHA";"SAO";"##------ Sun May 02 23:22:18 2021 ------##"
"224";"BAH";"CEA";"##------ Sun May 02 23:22:18 2021 ------##"
"225";"FOR";"ATL";"##------ Sun May 02 23:22:18 2021 ------##"
"226";"GRE";"SPO";"##------ Sun May 02 23:22:18 2021 ------##"
"227";"ATL";"INT";"##------ Sun May 02 23:22:18 2021 ------##"
"228";"SAN";"FLU";"##------ Sun May 02 23:22:18 2021 ------##"
"229";"PAL";"JUV";"##------ Sun May 02 23:22:18 2021 ------##"
"230";"FLA";"ATH";"##------ Sun May 02 23:22:18 2021 ------##"
"231";"ATL";"ATH";"##------ Sun May 02 23:22:18 2021 ------##"
"232";"CHA";"ATL";"##------ Sun May 02 23:22:18 2021 ------##"
"233";"RED";"FLA";"##------ Sun May 02 23:22:18 2021 ------##"
"234";"SPO";"JUV";"##------ Sun May 02 23:22:18 2021 ------##"
"235";"CEA";"INT";"##------ Sun May 02 23:22:18 2021 ------##"
"236";"GRE";"CUI";"##------ Sun May 02 23:22:18 2021 ------##"
"237";"AME";"PAL";"##------ Sun May 02 23:22:18 2021 ------##"
"238";"SAO";"SAN";"##------ Sun May 02 23:22:18 2021 ------##"
"239";"COR";"BAH";"##------ Sun May 02 23:22:18 2021 ------##"
"240";"FLU";"FOR";"##------ Sun May 02 23:22:18 2021 ------##"
"241";"CUI";"SAO";"##------ Sun May 02 23:22:18 2021 ------##"
"242";"JUV";"AME";"##------ Sun May 02 23:22:18 2021 ------##"
"243";"ATH";"BAH";"##------ Sun May 02 23:22:18 2021 ------##"
"244";"SPO";"COR";"##------ Sun May 02 23:22:18 2021 ------##"
"245";"FOR";"FLA";"##------ Sun May 02 23:22:18 2021 ------##"
"246";"INT";"CHA";"##------ Sun May 02 23:22:18 2021 ------##"
"247";"ATL";"CEA";"##------ Sun May 02 23:22:18 2021 ------##"
"248";"SAN";"GRE";"##------ Sun May 02 23:22:18 2021 ------##"
"249";"PAL";"RED";"##------ Sun May 02 23:22:18 2021 ------##"
"250";"FLU";"ATL";"##------ Sun May 02 23:22:18 2021 ------##"
"251";"COR";"FLU";"##------ Sun May 02 23:22:18 2021 ------##"
"252";"CUI";"SPO";"##------ Sun May 02 23:22:18 2021 ------##"
"253";"CHA";"ATH";"##------ Sun May 02 23:22:18 2021 ------##"
"254";"RED";"ATL";"##------ Sun May 02 23:22:18 2021 ------##"
"255";"BAH";"PAL";"##------ Sun May 02 23:22:18 2021 ------##"
"256";"FOR";"GRE";"##------ Sun May 02 23:22:18 2021 ------##"
"257";"INT";"AME";"##------ Sun May 02 23:22:18 2021 ------##"
"258";"ATL";"SAN";"##------ Sun May 02 23:22:18 2021 ------##"
"259";"SAO";"CEA";"##------ Sun May 02 23:22:18 2021 ------##"
"260";"FLA";"JUV";"##------ Sun May 02 23:22:18 2021 ------##"
"261";"PAL";"INT";"##------ Sun May 02 23:22:18 2021 ------##"
"262";"FLA";"CUI";"##------ Sun May 02 23:22:18 2021 ------##"
"263";"SAO";"COR";"##------ Sun May 02 23:22:18 2021 ------##"
"264";"AME";"BAH";"##------ Sun May 02 23:22:18 2021 ------##"
"265";"ATL";"ATL";"##------ Sun May 02 23:22:18 2021 ------##"
"266";"CHA";"FOR";"##------ Sun May 02 23:22:18 2021 ------##"
"267";"ATH";"FLU";"##------ Sun May 02 23:22:18 2021 ------##"
"268";"SPO";"SAN";"##------ Sun May 02 23:22:18 2021 ------##"
"269";"CEA";"RED";"##------ Sun May 02 23:22:18 2021 ------##"
"270";"GRE";"JUV";"##------ Sun May 02 23:22:18 2021 ------##"
"271";"INT";"COR";"##------ Sun May 02 23:22:18 2021 ------##"
"272";"ATL";"GRE";"##------ Sun May 02 23:22:18 2021 ------##"
"273";"JUV";"CEA";"##------ Sun May 02 23:22:18 2021 ------##"
"274";"RED";"SAO";"##------ Sun May 02 23:22:18 2021 ------##"
"275";"BAH";"CHA";"##------ Sun May 02 23:22:18 2021 ------##"
"276";"FOR";"ATH";"##------ Sun May 02 23:22:18 2021 ------##"
"277";"ATL";"CUI";"##------ Sun May 02 23:22:18 2021 ------##"
"278";"SAN";"AME";"##------ Sun May 02 23:22:18 2021 ------##"
"279";"PAL";"SPO";"##------ Sun May 02 23:22:18 2021 ------##"
"280";"FLU";"FLA";"##------ Sun May 02 23:22:18 2021 ------##"
"281";"AME";"FOR";"##------ Sun May 02 23:22:18 2021 ------##"
"282";"SAO";"INT";"##------ Sun May 02 23:22:18 2021 ------##"
"283";"COR";"CHA";"##------ Sun May 02 23:22:18 2021 ------##"
"284";"FLA";"ATL";"##------ Sun May 02 23:22:18 2021 ------##"
"285";"CEA";"FLU";"##------ Sun May 02 23:22:18 2021 ------##"
"286";"GRE";"PAL";"##------ Sun May 02 23:22:18 2021 ------##"
"287";"SPO";"ATL";"##------ Sun May 02 23:22:18 2021 ------##"
"288";"ATH";"SAN";"##------ Sun May 02 23:22:18 2021 ------##"
"289";"CUI";"RED";"##------ Sun May 02 23:22:18 2021 ------##"
"290";"JUV";"BAH";"##------ Sun May 02 23:22:18 2021 ------##"
"291";"CHA";"FLA";"##------ Sun May 02 23:22:18 2021 ------##"
"292";"ATL";"JUV";"##------ Sun May 02 23:22:18 2021 ------##"
"293";"RED";"ATH";"##------ Sun May 02 23:22:18 2021 ------##"
"294";"BAH";"SAO";"##------ Sun May 02 23:22:18 2021 ------##"
"295";"CEA";"CUI";"##------ Sun May 02 23:22:18 2021 ------##"
"296";"INT";"GRE";"##------ Sun May 02 23:22:18 2021 ------##"
"297";"ATL";"AME";"##------ Sun May 02 23:22:18 2021 ------##"
"298";"SAN";"PAL";"##------ Sun May 02 23:22:18 2021 ------##"
"299";"COR";"FOR";"##------ Sun May 02 23:22:18 2021 ------##"
"300";"FLU";"SPO";"##------ Sun May 02 23:22:18 2021 ------##"
"301";"ATH";"CEA";"##------ Sun May 02 23:22:18 2021 ------##"
"302";"SPO";"AME";"##------ Sun May 02 23:22:18 2021 ------##"
"303";"FOR";"SAO";"##------ Sun May 02 23:22:18 2021 ------##"
"304";"GRE";"FLU";"##------ Sun May 02 23:22:18 2021 ------##"
"305";"ATL";"COR";"##------ Sun May 02 23:22:18 2021 ------##"
"306";"SAN";"RED";"##------ Sun May 02 23:22:18 2021 ------##"
"307";"PAL";"ATL";"##------ Sun May 02 23:22:18 2021 ------##"
"308";"FLA";"BAH";"##------ Sun May 02 23:22:18 2021 ------##"
"309";"CUI";"CHA";"##------ Sun May 02 23:22:18 2021 ------##"
"310";"JUV";"INT";"##------ Sun May 02 23:22:18 2021 ------##"
"311";"FLU";"PAL";"##------ Sun May 02 23:22:18 2021 ------##"
"312";"COR";"CUI";"##------ Sun May 02 23:22:18 2021 ------##"
"313";"ATL";"SAN";"##------ Sun May 02 23:22:18 2021 ------##"
"314";"CHA";"JUV";"##------ Sun May 02 23:22:18 2021 ------##"
"315";"RED";"FOR";"##------ Sun May 02 23:22:18 2021 ------##"
"316";"BAH";"ATL";"##------ Sun May 02 23:22:18 2021 ------##"
"317";"CEA";"SPO";"##------ Sun May 02 23:22:18 2021 ------##"
"318";"INT";"ATH";"##------ Sun May 02 23:22:18 2021 ------##"
"319";"AME";"GRE";"##------ Sun May 02 23:22:18 2021 ------##"
"320";"SAO";"FLA";"##------ Sun May 02 23:22:18 2021 ------##"
"321";"SAN";"CHA";"##------ Sun May 02 23:22:18 2021 ------##"
"322";"CUI";"INT";"##------ Sun May 02 23:22:18 2021 ------##"
"323";"JUV";"FLU";"##------ Sun May 02 23:22:18 2021 ------##"
"324";"ATH";"ATL";"##------ Sun May 02 23:22:18 2021 ------##"
"325";"SPO";"BAH";"##------ Sun May 02 23:22:18 2021 ------##"
"326";"FOR";"CEA";"##------ Sun May 02 23:22:18 2021 ------##"
"327";"GRE";"RED";"##------ Sun May 02 23:22:18 2021 ------##"
"328";"AME";"ATL";"##------ Sun May 02 23:22:18 2021 ------##"
"329";"PAL";"SAO";"##------ Sun May 02 23:22:18 2021 ------##"
"330";"FLA";"COR";"##------ Sun May 02 23:22:18 2021 ------##"
"331";"ATL";"CEA";"##------ Sun May 02 23:22:18 2021 ------##"
"332";"CHA";"GRE";"##------ Sun May 02 23:22:18 2021 ------##"
"333";"RED";"SPO";"##------ Sun May 02 23:22:18 2021 ------##"
"334";"BAH";"CUI";"##------ Sun May 02 23:22:18 2021 ------##"
"335";"INT";"FLA";"##------ Sun May 02 23:22:18 2021 ------##"
"336";"FOR";"PAL";"##------ Sun May 02 23:22:18 2021 ------##"
"337";"ATL";"JUV";"##------ Sun May 02 23:22:18 2021 ------##"
"338";"SAO";"ATH";"##------ Sun May 02 23:22:18 2021 ------##"
"339";"COR";"SAN";"##------ Sun May 02 23:22:18 2021 ------##"
"340";"FLU";"AME";"##------ Sun May 02 23:22:18 2021 ------##"
"341";"SPO";"FLA";"##------ Sun May 02 23:22:18 2021 ------##"
"342";"ATL";"BAH";"##------ Sun May 02 23:22:18 2021 ------##"
"343";"JUV";"RED";"##------ Sun May 02 23:22:18 2021 ------##"
"344";"ATH";"CUI";"##------ Sun May 02 23:22:18 2021 ------##"
"345";"CEA";"COR";"##------ Sun May 02 23:22:18 2021 ------##"
"346";"GRE";"SAO";"##------ Sun May 02 23:22:18 2021 ------##"
"347";"AME";"CHA";"##------ Sun May 02 23:22:18 2021 ------##"
"348";"SAN";"FOR";"##------ Sun May 02 23:22:18 2021 ------##"
"349";"PAL";"ATL";"##------ Sun May 02 23:22:18 2021 ------##"
"350";"FLU";"INT";"##------ Sun May 02 23:22:18 2021 ------##"
"351";"INT";"SAN";"##------ Sun May 02 23:22:18 2021 ------##"
"352";"ATL";"FLU";"##------ Sun May 02 23:22:18 2021 ------##"
"353";"SAO";"SPO";"##------ Sun May 02 23:22:18 2021 ------##"
"354";"COR";"ATH";"##------ Sun May 02 23:22:18 2021 ------##"
"355";"FLA";"CEA";"##------ Sun May 02 23:22:18 2021 ------##"
"356";"BAH";"GRE";"##------ Sun May 02 23:22:18 2021 ------##"
"357";"FOR";"JUV";"##------ Sun May 02 23:22:18 2021 ------##"
"358";"RED";"AME";"##------ Sun May 02 23:22:18 2021 ------##"
"359";"CHA";"ATL";"##------ Sun May 02 23:22:18 2021 ------##"
"360";"CUI";"PAL";"##------ Sun May 02 23:22:18 2021 ------##"
"361";"CUI";"FOR";"##------ Sun May 02 23:22:18 2021 ------##"
"362";"CHA";"SPO";"##------ Sun May 02 23:22:18 2021 ------##"
"363";"ATH";"PAL";"##------ Sun May 02 23:22:18 2021 ------##"
"364";"BAH";"FLU";"##------ Sun May 02 23:22:18 2021 ------##"
"365";"CEA";"AME";"##------ Sun May 02 23:22:18 2021 ------##"
"366";"INT";"ATL";"##------ Sun May 02 23:22:18 2021 ------##"
"367";"ATL";"RED";"##------ Sun May 02 23:22:18 2021 ------##"
"368";"SAO";"JUV";"##------ Sun May 02 23:22:18 2021 ------##"
"369";"COR";"GRE";"##------ Sun May 02 23:22:18 2021 ------##"
"370";"FLA";"SAN";"##------ Sun May 02 23:22:18 2021 ------##"
"371";"JUV";"COR";"##------ Sun May 02 23:22:18 2021 ------##"
"372";"RED";"INT";"##------ Sun May 02 23:22:18 2021 ------##"
"373";"SPO";"ATH";"##------ Sun May 02 23:22:18 2021 ------##"
"374";"FOR";"BAH";"##------ Sun May 02 23:22:18 2021 ------##"
"375";"GRE";"ATL";"##------ Sun May 02 23:22:18 2021 ------##"
"376";"AME";"SAO";"##------ Sun May 02 23:22:18 2021 ------##"
"377";"SAN";"CUI";"##------ Sun May 02 23:22:18 2021 ------##"
"378";"PAL";"CEA";"##------ Sun May 02 23:22:18 2021 ------##"
"379";"FLU";"CHA";"##------ Sun May 02 23:22:18 2021 ------##"
"380";"ATL";"FLA";"##------ Sun May 02 23:22:18 2021 ------##"
